report_id,utility,event_year,label,version,document_url,original_url,redlined,partial_corrections,mbl_advance_notice,mbl_advance_notice_confidence,mbl_advance_notice_source,wind_threshold_cited,wind_threshold_cited_confidence,wind_threshold_cited_source,complaints_reported,complaints_reported_confidence,complaints_reported_source,claims_reported,claims_reported_confidence,claims_reported_source,canceled_after_notice,canceled_after_notice_confidence,canceled_after_notice_source,customers_deenergized,customers_deenergized_source,counties_deenergized,counties_deenergized_source,counties_deenergized_names,first_deenergization,first_deenergization_source,first_deenergization_pdf_value,last_restoration,last_restoration_source,last_restoration_pdf_value,event_duration_hours,luna_text_truncated_after_page,image_pages_transcribed,image_pages_unread,flags
pge__pge_psps_report_event_nov_6_8_2018,PG&E,2018,"Nov. 6-8, 2018 Pro-Active De-Energization Post Event Report",original,https://www.cpuc.ca.gov/-/media/cpuc-website/divisions/safety-and-enforcement-division/reports/psps-post-event-reports/2019-and-earlier/pge-psps-report-event--nov-6-8-2018.pdf,https://www.cpuc.ca.gov/-/media/cpuc-website/divisions/safety-and-enforcement-division/reports/psps-post-event-reports/2019-and-earlier/pge-psps-report-event--nov-6-8-2018.pdf,False,,not_applicable,1.0,PDF pages 2;3;5;8;9,not_stated,0.85,PDF pages 2;3,one_or_more,1.0,PDF pages 2;3;5;6,zero,1.0,PDF pages 2;3;5;6;7,yes,1.0,PDF pages 2;3;4;5;6;8;10;11,0,PDF page 4,0,PDF page 4,,,,,,,,,,0,,wind_threshold_cited:low_confidence
pge__pge_psps_report_letter_oct_13_17_2018,PG&E,2018,"Oct. 13-17, 2018 Pro-Active De-Energization Post Event Report",original,https://www.cpuc.ca.gov/-/media/cpuc-website/divisions/safety-and-enforcement-division/reports/psps-post-event-reports/2019-and-earlier/pge-psps-report-letter-oct-13-17-2018.pdf,https://www.cpuc.ca.gov/-/media/cpuc-website/divisions/safety-and-enforcement-division/reports/psps-post-event-reports/2019-and-earlier/pge-psps-report-letter-oct-13-17-2018.pdf,False,,all_notified,0.48,PDF pages 2;3;9;12,met,0.98,PDF pages 2;3;4;5;6;13,one_or_more,1.0,PDF pages 2;3;13;14,one_or_more,1.0,PDF pages 2;3;13;14,yes,1.0,PDF pages 2;3;12;16;18;19;20,60000,PDF page 8,7,PDF page 3,Amador; Calaveras; El Dorado; Lake; Napa; Placer; Sonoma,2018-10-14 20:24,PDF page 7,2018-10-14 20:24,2018-10-17 08:47,PDF page 8,2018-10-17 08:47,60.38,,0,,mbl_advance_notice:low_confidence
pge__pge_esrb8_report_for_oct_26_29_2019,PG&E,2019,"Oct. 26 and 29, 2019 Pro-Active De-Energization Post Event Report",Amendment,https://www.cpuc.ca.gov/-/media/cpuc-website/divisions/safety-and-enforcement-division/reports/psps-post-event-reports/2019/pge-psps-postevent-report-oct-2629-2019-amended.pdf,https://www.cpuc.ca.gov/-/media/cpuc-website/divisions/safety-and-enforcement-division/reports/psps-post-event-reports/2019-and-earlier/pge-esrb8-report-for-oct-26-29-2019.pdf,False,,some_not_notified,0.9,PDF pages 5;6;17;18;19;20;182;183,not_stated,0.86,PDF pages 5;6;10;11;37;38;40;43,one_or_more,1.0,PDF pages 5;6;21;22,one_or_more,1.0,PDF pages 5;6;21;22,yes,1.0,PDF pages 5;6;12;17;18;44;182;216,967754,PDF page 13,,,,2019-10-26 08:26,PDF page 81,2019-10-26 08:26,2019-11-08 17:00,PDF page 65,2019-11-08 17:00,320.57,,8,210(not_transcribed_cap);215(not_transcribed_cap);216(not_transcribed_cap);217(not_transcribed_cap);218(not_transcribed_cap),wind_threshold_cited:low_confidence event:unreadable_page
pge__pge_psps_report_letter_june_7_9_2019,PG&E,2019,"Jun. 7-9, 2019 Pro-Active De-Energization Post Event Report",Amendment,https://www.cpuc.ca.gov/-/media/cpuc-website/divisions/safety-and-enforcement-division/reports/psps-post-event-reports/2019/pge-psps-postevent-report-june-79-2019-amended.pdf,https://www.cpuc.ca.gov/-/media/cpuc-website/divisions/safety-and-enforcement-division/reports/psps-post-event-reports/2019-and-earlier/pge-psps-report-letter-june-7-9-2019.pdf,False,,some_not_notified,0.99,PDF pages 6;7;12;16;17;18;40;51,met,0.31,PDF pages 6;7;8;9;27;28,not_stated,0.25,PDF pages 6;7;26;27,one_or_more,1.0,PDF pages 6;7;26;27;28,yes,1.0,PDF pages 6;7;17;27;37;56,22474,PDF page 3,4,PDF page 8,Napa; Yolo; Solano; Butte,2019-06-08 06:18,PDF page 10,2019-06-08 06:18,2019-06-09 17:44,PDF page 10,2019-06-09 17:44,35.43,,0,,wind_threshold_cited:low_confidence complaints_reported:low_confidence
pge__pge_public_safety_power_shutoff_nov_2021_2019_report,PG&E,2019,"Nov. 20-21, 2019 Pro-Active De-Energization Post Event Report",Amendment,https://www.cpuc.ca.gov/-/media/cpuc-website/divisions/safety-and-enforcement-division/reports/psps-post-event-reports/2019/pge-psps-postevent-report-nov-20-2019-amended.pdf,https://www.cpuc.ca.gov/-/media/cpuc-website/divisions/safety-and-enforcement-division/reports/psps-post-event-reports/2019-and-earlier/pge-public-safety-power-shutoff-nov-2021-2019-report.pdf,False,,some_not_notified,0.77,PDF pages 1;2;17;18;19;20;46;47,not_stated,0.55,PDF pages 1;2;5;7;8;9;10;30,one_or_more,0.98,PDF pages 1;2;21;22,one_or_more,1.0,PDF pages 1;2;21;22,yes,1.0,PDF pages 1;2;5;6;10;18;23;45,49202,PDF page 39,11,PDF page 22,,2019-11-20 06:20,PDF page 32,2019-11-20 06:20,2019-11-21 21:56,PDF page 32,2019-11-21 21:56,39.6,,8,,mbl_advance_notice:low_confidence wind_threshold_cited:low_confidence
pge__pge_public_safety_power_shutoff_oct_2325_2019_report,PG&E,2019,"Oct. 23-25, 2019 Pro-Active De-Energization Post Event Report",Amendment,https://www.cpuc.ca.gov/-/media/cpuc-website/divisions/safety-and-enforcement-division/reports/psps-post-event-reports/2019/pge-psps-postevent-report-oct-2325-2019-amended.pdf,https://www.cpuc.ca.gov/-/media/cpuc-website/divisions/safety-and-enforcement-division/reports/psps-post-event-reports/2019-and-earlier/pge-public-safety-power-shutoff-oct-2325-2019-report.pdf,False,,some_not_notified,0.86,PDF pages 1;2;6;7;14;16;17;18,not_stated,0.91,PDF pages 1;2;5;32;33;34;35;36,not_stated,0.97,PDF pages 1;2;20;21,one_or_more,1.0,PDF pages 1;2;20;21,yes,1.0,PDF pages 1;2;7;17;34;58;86,178809,PDF page 53,17,PDF page 23,Alpine; Amador; Butte; Calaveras; El Dorado; Kern; Lake; Mendocino; Napa; Nevada; Placer; Plumas; San Mateo; Sierra; Sonoma; Tehama; Yuba,2019-10-23 14:14,PDF page 44,2019-10-23 14:14,2019-10-25 18:28,PDF page 40,2019-10-25 18:28,52.23,,1,,mbl_advance_notice:low_confidence
pge__pge_public_safety_power_shutoff_oct_56_2019_report,PG&E,2019,"Oct. 5-6, 2019 Pro-Active De-Energization Post Event Report",Amendment,https://www.cpuc.ca.gov/-/media/cpuc-website/divisions/safety-and-enforcement-division/reports/psps-post-event-reports/2019/pge-psps-postevent-report-oct-56-2019-amended.pdf,https://www.cpuc.ca.gov/-/media/cpuc-website/divisions/safety-and-enforcement-division/reports/psps-post-event-reports/2019-and-earlier/pge-public-safety-power-shutoff-oct-56-2019-report.pdf,False,,all_notified,0.48,PDF pages 5;6;7;9;10;13;14;22,not_stated,0.81,PDF pages 5;6;8;20;23;24;25;26,not_stated,0.96,PDF pages 5;6;16;17,one_or_more,1.0,PDF pages 5;6;16;17,yes,1.0,PDF pages 5;6;14;15;16;22;27;28,11609,PDF page 12,3,PDF page 5,Butte; Yuba; Plumas,2019-10-05 22:04,PDF page 10,2019-10-05 22:04,2019-10-06 15:41,PDF page 10,2019-10-06 15:41,17.62,,3,,mbl_advance_notice:low_confidence wind_threshold_cited:low_confidence
pge__pge_public_safety_power_shutoff_oct_912_report,PG&E,2019,"Oct. 9-12, 2019 Pro-Active De-Energization Post Event Repor",Amended,https://www.cpuc.ca.gov/-/media/cpuc-website/divisions/safety-and-enforcement-division/reports/psps-post-event-reports/2019-and-earlier/pge-public-safety-power-shutoff-oct-912-reportamended.pdf,https://www.cpuc.ca.gov/-/media/cpuc-website/divisions/safety-and-enforcement-division/reports/psps-post-event-reports/2019-and-earlier/pge-public-safety-power-shutoff-oct-912-report.pdf,False,,some_not_notified,0.93,PDF pages 2;3;11;15;16;17;103;105,not_stated,0.89,PDF pages 2;3;7;8;9;35;36;37,one_or_more,1.0,PDF pages 2;3;19;20,one_or_more,1.0,PDF pages 2;3;19;20,yes,1.0,PDF pages 2;3;16;31;32;105;153;154,732348,PDF page 90,35,PDF page 2,Alameda; Alpine; Amador; Butte; Calaveras; Colusa; Contra Costa; El Dorado; Glenn; Humboldt; Kern; Lake; Marin; Mariposa; Mendocino; Merced; Napa; Nevada; Placer; Plumas; San Joaquin; San Mateo; Santa Clara; Santa Cruz; Shasta; Sierra; Siskiyou; Solano; Sonoma; Stanislaus; Tehama; Trinity; Tuolumne; Yolo; Yuba,2019-10-09 00:09,PDF page 12,2019-10-09 00:09,2019-10-12 17:41,PDF page 12,2019-10-12 17:41,89.53,,6,,wind_threshold_cited:low_confidence
pge__public_safety_power_shutoff_sept_25_27_2019,PG&E,2019,"Sept. 25-27, 2019 Pro-Active De-Energization Post Event Report",Amendment,https://www.cpuc.ca.gov/-/media/cpuc-website/divisions/safety-and-enforcement-division/reports/psps-post-event-reports/2019/pge-psps-postevent-report-sept-25-2019-amended.pdf,https://www.cpuc.ca.gov/-/media/cpuc-website/divisions/safety-and-enforcement-division/reports/psps-post-event-reports/2019-and-earlier/public-safety-power-shutoff-sept-25-27-2019.pdf,False,,some_not_notified,0.99,PDF pages 12;13;15;16;29;31;32;33,met,0.55,PDF pages 9;10;11;12;13;14;54;65,one_or_more,1.0,PDF pages 53;54,one_or_more,1.0,PDF pages 53;54,yes,0.91,PDF pages 7;12;54,70826,PDF page 23,7,PDF page 33,Butte; Nevada; Placer; Plumas; Yuba; Napa; Sonoma,2019-09-23 17:06,PDF page 15,2019-09-23 17:06,2019-09-26 11:01,PDF page 20,2019-09-26 11:01,65.92,,1,,wind_threshold_cited:low_confidence
pge__pge_oct_14_17_2020_psps_post_event_report,PG&E,2020,"Oct. 14-17, 2020: PSPS Post Event Report",original,https://www.cpuc.ca.gov/-/media/cpuc-website/files/uploadedfiles/cpucwebsite/content/news_room/newsupdates/2020/pge-oct-14-17-2020-psps-post-event-report.pdf,https://www.cpuc.ca.gov/-/media/cpuc-website/files/uploadedfiles/cpucwebsite/content/news_room/newsupdates/2020/pge-oct-14-17-2020-psps-post-event-report.pdf,False,,some_not_notified,0.96,PDF pages 4;5;8;9;29;30;33;34,not_stated,0.77,PDF pages 4;5;14;15;66;68;70;71,one_or_more,1.0,PDF pages 3;4;5;49;50,one_or_more,1.0,PDF pages 3;4;5;49;50,yes,1.0,PDF pages 4;5;30;31;32;33;34;84,40574,PDF page 9,19,PDF page 24,Alameda; Butte; Contra Costa; Humboldt; Lake; Monterey; Napa; Nevada; Plumas; San Mateo; Santa Clara; Santa Cruz; Shasta; Solano; Sonoma; Tehama; Trinity; Yolo; Yuba,2020-10-13 17:26,PDF page 78,2020-10-13 17:26,2020-10-17 10:57,PDF page 79,2020-10-17 10:57,89.52,,3,,wind_threshold_cited:low_confidence
pge__pge_oct_21_23_2020_psps_post_event_report,PG&E,2020,"Oct. 21-23, 2020: PSPS Post Event Report",original,https://www.cpuc.ca.gov/-/media/cpuc-website/files/uploadedfiles/cpucwebsite/content/news_room/newsupdates/2020/pge-oct-21-23-2020-psps-post-event-report.pdf,https://www.cpuc.ca.gov/-/media/cpuc-website/files/uploadedfiles/cpucwebsite/content/news_room/newsupdates/2020/pge-oct-21-23-2020-psps-post-event-report.pdf,False,,all_notified,0.68,PDF pages 4;5;10;11;25;30;31;34,not_stated,0.92,PDF pages 4;5;6;15;16;64;65;69,not_stated,1.0,PDF pages 3;4;5;47;48,one_or_more,1.0,PDF pages 3;4;5;47;48,yes,1.0,PDF pages 4;5;8;9;29;30;32;34,30154,PDF page 4,7,PDF page 69,Butte; Colusa; Glenn; Plumas; Shasta; Tehama; Yolo,2020-10-21 14:42,PDF page 75,2020-10-21 14:42,2020-10-23 15:56,PDF page 74,2020-10-23 15:56,49.23,,4,,mbl_advance_notice:low_confidence
pge__pge_oct_25_28_2020_psps_post_event_report,PG&E,2020,"Oct. 25-28, 2020: PSPS Post Event Report",original,https://www.cpuc.ca.gov/-/media/cpuc-website/files/uploadedfiles/cpucwebsite/content/news_room/newsupdates/2020/pge-oct-25-28-2020-psps-post-event-report.pdf,https://www.cpuc.ca.gov/-/media/cpuc-website/files/uploadedfiles/cpucwebsite/content/news_room/newsupdates/2020/pge-oct-25-28-2020-psps-post-event-report.pdf,False,,some_not_notified,0.98,PDF pages 4;5;8;9;30;31;35;36,not_stated,0.77,PDF pages 4;5;15;16;60;69;72;74,zero,0.98,PDF pages 3;4;5;49;50,one_or_more,1.0,PDF pages 3;4;5;49;50,yes,1.0,PDF pages 4;5;32;33;34;35;36;51,345470,PDF page 10,35,PDF page 25,Alameda; Alpine; Amador; Butte; Calaveras; Colusa; Contra Costa; El Dorado; Fresno; Glenn; Humboldt; Lake; Madera; Marin; Mariposa; Mendocino; Napa; Nevada; Placer; Plumas; San Joaquin; San Mateo; Santa Clara; Santa Cruz; Shasta; Sierra; Siskiyou; Solano; Sonoma; Stanislaus; Tehama; Trinity; Tuolumne; Yolo; Yuba,2020-10-25 10:00,PDF page 84,2020-10-25 10:00,2020-10-28 22:25,PDF page 95,2020-10-28 22:25,84.42,,4,,wind_threshold_cited:low_confidence
pge__pge_sept_27_29_2020_psps_post_event_report,PG&E,2020,"Sept. 27-29, 2020: PSPS Post Event Report",original,https://www.cpuc.ca.gov/-/media/cpuc-website/files/uploadedfiles/cpuc_public_website/content/news_room/news_and_updates/pge-sept-27-29-2020-psps-post-event-report.pdf,https://www.cpuc.ca.gov/-/media/cpuc-website/files/uploadedfiles/cpuc_public_website/content/news_room/news_and_updates/pge-sept-27-29-2020-psps-post-event-report.pdf,False,,all_notified,0.49,PDF pages 4;5;9;10;26;29;30;34,met,0.57,PDF pages 4;5;15;16;21;22;23;24,zero,0.99,PDF pages 3;4;5;51;52,one_or_more,1.0,PDF pages 3;4;5;51;52,yes,1.0,PDF pages 4;5;30;31;32;33;54;78,64297,PDF page 10,15,PDF page 4,Alpine; Amador; Butte; Calaveras; El Dorado; Lake; Napa; Nevada; Placer; Plumas; Shasta; Sierra; Sonoma; Tehama; Yuba,2020-09-26 06:51,PDF page 75,2020-09-26 06:51,2020-09-29 09:52,PDF page 73,2020-09-29 09:52,75.02,,2,,mbl_advance_notice:low_confidence wind_threshold_cited:low_confidence
pge__pge_sept_7_10_2020_psps_post_event_report,PG&E,2020,"Sept. 7-10, 2020: PSPS Post Event Report",original,https://www.cpuc.ca.gov/-/media/cpuc-website/files/uploadedfiles/cpucwebsite/content/news_room/newsupdates/2020/pge-sept-7-10-2020-psps-post-event-report.pdf,https://www.cpuc.ca.gov/-/media/cpuc-website/files/uploadedfiles/cpucwebsite/content/news_room/newsupdates/2020/pge-sept-7-10-2020-psps-post-event-report.pdf,False,,some_not_notified,0.97,PDF pages 2;3;4;20;21;23;24;64,met,0.25,PDF pages 2;3;8;9;12;13;14;150,zero,0.99,PDF pages 2;3;35;36,one_or_more,1.0,PDF pages 2;3;35;36,yes,1.0,PDF pages 2;3;14;21;22;24;25;64,168581,PDF page 16,22,PDF page 2,,2020-09-07 04:25,PDF page 56,2020-09-07 04:25,,,,,,2,,wind_threshold_cited:low_confidence
pge__psps_event_12_02_20_de_energization_report_final,PG&E,2020,"Dec. 2-3, 2020: PSPS Post Event Report",original,https://www.cpuc.ca.gov/-/media/cpuc-website/files/uploadedfiles/cpucwebsite/content/news_room/newsupdates/2020/psps-event-12-02-20-de-energization-report-final.pdf,https://www.cpuc.ca.gov/-/media/cpuc-website/files/uploadedfiles/cpucwebsite/content/news_room/newsupdates/2020/psps-event-12-02-20-de-energization-report-final.pdf,False,,all_notified,0.94,PDF pages 4;5;8;9;26;29;30;32,not_stated,0.55,PDF pages 4;5;13;14;51;56;58;59,one_or_more,1.0,PDF pages 3;4;5;44;45,zero,1.0,PDF pages 3;4;5;44;45,no,0.83,PDF pages 4;5;11;31;32;68;74;75,617,PDF page 26,1,PDF page 25,Kern County,2020-12-02 17:46,PDF page 63,2020-12-02 17:46,2020-12-03 16:04,PDF page 63,2020-12-03 16:04,22.3,,2,,wind_threshold_cited:low_confidence canceled_after_notice:low_confidence
pge__psps_event_12_07_20_de_energization_report,PG&E,2020,"Dec. 7, 2020: PSPS Post Event Report",original,https://www.cpuc.ca.gov/-/media/cpuc-website/files/uploadedfiles/cpucwebsite/content/news_room/newsupdates/2020/psps-event-12-07-20-de-energization-report.pdf,https://www.cpuc.ca.gov/-/media/cpuc-website/files/uploadedfiles/cpucwebsite/content/news_room/newsupdates/2020/psps-event-12-07-20-de-energization-report.pdf,False,,not_applicable,0.98,PDF pages 4;5;14;15;17;18;19;43,not_stated,0.8,PDF pages 4;5;8;9;10;31;34;38,zero,0.92,PDF pages 3;4;5;27;28,zero,0.85,PDF pages 3;4;5;27;28,yes,1.0,PDF pages 1;2;4;5;19;22;26;43,0,PDF page 12,0,PDF page 12,,,,,,,,,,0,,wind_threshold_cited:low_confidence claims_reported:low_confidence
pge__jan_19_2021_pge_post_event_report,PG&E,2021,"Jan 19, 2021: PG&E Post Event Report",original,https://www.cpuc.ca.gov/-/media/cpuc-website/divisions/safety-and-enforcement-division/reports/psps-post-event-reports/2021/jan-19-2021-pge-post-event-report.pdf,https://www.cpuc.ca.gov/-/media/cpuc-website/divisions/safety-and-enforcement-division/reports/psps-post-event-reports/2021/jan-19-2021-pge-post-event-report.pdf,False,,all_notified,0.56,PDF pages 4;5;9;10;29;33;34;36,met,0.61,PDF pages 4;5;15;16;55;60;64;67,zero,0.78,PDF pages 3;4;5;47;48;57,zero,1.0,PDF pages 3;4;5;47;48,yes,1.0,PDF pages 4;5;13;34;35;36;37;49,5099,PDF page 4,7,PDF page 28,Fresno; Kern; Madera; Mariposa; San Luis Obispo; Santa Barbara; Tulare,2021-01-18 23:02,PDF page 71,2021-01-18 23:02,2021-01-26 16:10,PDF page 71,2021-01-26 16:10,185.13,,3,,mbl_advance_notice:low_confidence wind_threshold_cited:low_confidence complaints_reported:low_confidence
pge__pge_october_11_2021_psps_post_event_report,PG&E,2021,"Oct. 11, 2021: PG&E PSPS Post Event Report",original,https://www.cpuc.ca.gov/-/media/cpuc-website/divisions/safety-and-enforcement-division/reports/psps-post-event-reports/2021/pge-october-11-2021-psps-post-event-report.pdf,https://www.cpuc.ca.gov/-/media/cpuc-website/divisions/safety-and-enforcement-division/reports/psps-post-event-reports/2021/pge-october-11-2021-psps-post-event-report.pdf,False,,some_not_notified,0.7,PDF pages 4;5;6;43;44;50;51;52,not_stated,0.91,PDF pages 4;5;6;8;9;15;16;89,one_or_more,1.0,PDF pages 3;4;5;6;78;79,one_or_more,1.0,PDF pages 3;4;5;6;78;79,yes,1.0,PDF pages 4;5;6;45;46;47;49;62,23504,PDF page 39,23,PDF page 39,Alameda; Butte; Colusa; Contra Costa; Fresno; Glenn; Kern; Kings; Lake; Merced; Monterey; Napa; Plumas; San Benito; San Joaquin; San Luis Obispo; Santa Barbara; Shasta; Solano; Sonoma; Stanislaus; Tehama; Yolo,2021-10-11 01:34,PDF page 102,2021-10-11 01:34,2021-10-14 15:22,PDF page 104,2021-10-14 15:22,85.8,,5,,mbl_advance_notice:low_confidence
pge__pge_october_14_16_2021_psps_post_event_report,PG&E,2021,"Oct. 14-16, 2021: PG&E PSPS Post Event Report",original,https://www.cpuc.ca.gov/-/media/cpuc-website/divisions/safety-and-enforcement-division/reports/psps-post-event-reports/2021/pge-october-14-16-2021-psps-post-event-report.pdf,https://www.cpuc.ca.gov/-/media/cpuc-website/divisions/safety-and-enforcement-division/reports/psps-post-event-reports/2021/pge-october-14-16-2021-psps-post-event-report.pdf,False,,some_not_notified,0.21,PDF pages 7;8;9;38;41;42;47;48,not_stated,0.92,PDF pages 7;8;9;10;11;16;17;78,one_or_more,1.0,PDF pages 6;7;8;9;70;71,zero,1.0,PDF pages 6;7;8;9;70;71,yes,1.0,PDF pages 7;8;9;10;43;44;47;55,666,PDF page 38,1,PDF page 38,Kern,2021-10-15 01:00,PDF page 90,2021-10-15 01:00,2021-10-16 16:32,PDF page 90,2021-10-16 16:32,39.53,,3,,mbl_advance_notice:low_confidence
pge__pspsreportletter092021,PG&E,2021,"Sept 20-21, 2021: PG&E PSPS Post Event Report",original,https://www.cpuc.ca.gov/-/media/cpuc-website/divisions/safety-and-enforcement-division/reports/psps-post-event-reports/2021/pspsreportletter092021.pdf,https://www.cpuc.ca.gov/-/media/cpuc-website/divisions/safety-and-enforcement-division/reports/psps-post-event-reports/2021/pspsreportletter092021.pdf,False,,some_not_notified,0.46,PDF pages 4;5;6;40;41;47;48;49,not_stated,0.95,PDF pages 4;5;6;8;9;14;15;81,one_or_more,1.0,PDF pages 3;4;5;6;73;74,one_or_more,1.0,PDF pages 3;4;5;6;73;74,yes,1.0,PDF pages 4;5;6;7;18;45;46;58,2968,PDF page 38,8,PDF page 38,Colusa; Glenn; Kern; Lake; Napa; Solano; Tehama; Yolo,2021-09-20 06:05,PDF page 94,2021-09-20 06:05,2021-09-21 16:46,PDF page 94,2021-09-21 16:46,34.68,,3,,mbl_advance_notice:low_confidence
pge__final_psps_10_22_22_weather_post_event_report_20221107,PG&E,2022,"October 22-24, 2022: PG&E PSPS Post Event Report",original,https://www.cpuc.ca.gov/-/media/cpuc-website/divisions/safety-and-enforcement-division/reports/psps-post-event-reports/2022/final-psps_10-22-22_weather_post-event_report_20221107.pdf,https://www.cpuc.ca.gov/-/media/cpuc-website/divisions/safety-and-enforcement-division/reports/psps-post-event-reports/2022/final-psps_10-22-22_weather_post-event_report_20221107.pdf,False,,not_applicable,1.0,PDF pages 4;5;6;24;37;38;39;40,not_stated,0.79,PDF pages 4;5;6;7;8;15;16;75,one_or_more,1.0,PDF pages 3;4;5;6;67;68,zero,1.0,PDF pages 3;4;5;6;67;68,yes,1.0,PDF pages 1;2;4;5;6;35;36;50,0,PDF page 1,0,PDF page 1,,,,,,,,,,7,,wind_threshold_cited:low_confidence
pge__pge_post_event_report_9_20_2023,PG&E,2023,"September 20, 2023: PG&E PSPS Post-Event Report",original,https://www.cpuc.ca.gov/-/media/cpuc-website/divisions/safety-and-enforcement-division/reports/psps-post-event-reports/2023/pge-post-event-report-9-20-2023.pdf,https://www.cpuc.ca.gov/-/media/cpuc-website/divisions/safety-and-enforcement-division/reports/psps-post-event-reports/2023/pge-post-event-report-9-20-2023.pdf,False,,all_notified,0.99,PDF pages 4;5;6;29;46;47;48;49,not_stated,0.83,PDF pages 4;5;6;7;8;9;10;81,one_or_more,1.0,PDF pages 3;4;5;6;72;73,zero,1.0,PDF pages 3;4;5;6;72;73,yes,1.0,PDF pages 4;5;6;7;16;39;44;45,1171,PDF page 4,3,PDF page 29,Lake; Napa; Tehama,2023-09-20 23:19,PDF page 29,2023-09-20 23:19,2023-09-21 17:05,PDF page 29,2023-09-21 17:05,17.77,,7,,wind_threshold_cited:low_confidence
pge__pge_post_event_report_9302023_event,PG&E,2023,"September 30, 2023: PG&E PSPS Post-Event Report",original,https://www.cpuc.ca.gov/-/media/cpuc-website/divisions/safety-and-enforcement-division/reports/psps-post-event-reports/2023/pge-post-event-report-9302023-event.pdf,https://www.cpuc.ca.gov/-/media/cpuc-website/divisions/safety-and-enforcement-division/reports/psps-post-event-reports/2023/pge-post-event-report-9302023-event.pdf,False,,NO_MATCHING_PAGE,,,NO_MATCHING_PAGE,,,NO_MATCHING_PAGE,,,NO_MATCHING_PAGE,,,NO_MATCHING_PAGE,,,0,PDF page 4,0,PDF page 4,,,,,,,,,,0,,mbl_advance_notice:no_matching_page wind_threshold_cited:no_matching_page complaints_reported:no_matching_page claims_reported:no_matching_page canceled_after_notice:no_matching_page
pge__pge_psps_report_8_30_2023_event,PG&E,2023,"August 30, 2023: PG&E PSPS Post-Event Report",original,https://www.cpuc.ca.gov/-/media/cpuc-website/divisions/safety-and-enforcement-division/reports/psps-post-event-reports/2023/pge-psps-report-8-30-2023-event.pdf,https://www.cpuc.ca.gov/-/media/cpuc-website/divisions/safety-and-enforcement-division/reports/psps-post-event-reports/2023/pge-psps-report-8-30-2023-event.pdf,False,,not_stated,0.5,PDF pages 3;4;5;49;100,not_stated,0.59,PDF pages 1;3;4;5;91;94;97;98,not_stated,1.0,PDF pages 3;4;5,not_stated,1.0,PDF pages 3;4;5,yes,1.0,PDF pages 3;4;5;80;81,3928,PDF page 28,7,PDF page 28,Butte; Colusa; Glenn; Lake; Shasta; Tehama; Yolo,2023-08-30 01:40,PDF page 28,2023-08-30 01:40,2023-08-31 11:39,PDF page 28,2023-08-31 11:39,33.98,,1,,mbl_advance_notice:low_confidence wind_threshold_cited:low_confidence
pge__r1812005coverpge12152023_psps_postevent_report01020224,PG&E,2023,"December 15, 2023: PG&E PSPS Post-Event Report",original,https://www.cpuc.ca.gov/-/media/cpuc-website/divisions/safety-and-enforcement-division/reports/psps-post-event-reports/2023/r1812005coverpge12152023-psps-postevent-report01020224.pdf,https://www.cpuc.ca.gov/-/media/cpuc-website/divisions/safety-and-enforcement-division/reports/psps-post-event-reports/2023/r1812005coverpge12152023-psps-postevent-report01020224.pdf,False,,NO_MATCHING_PAGE,,,NO_MATCHING_PAGE,,,NO_MATCHING_PAGE,,,NO_MATCHING_PAGE,,,NO_MATCHING_PAGE,,,,,,,,,,,,,,,,0,,mbl_advance_notice:no_matching_page wind_threshold_cited:no_matching_page complaints_reported:no_matching_page claims_reported:no_matching_page canceled_after_notice:no_matching_page
pge__07_05_2024_psps_post_event_report_20240719,PG&E,2024,"July 5, 2024: PG&E PSPS Post-Event Report",original,https://www.cpuc.ca.gov/-/media/cpuc-website/divisions/safety-and-enforcement-division/reports/psps-post-event-reports/2024/07-05-2024_psps_post-event_report_20240719.pdf,https://www.cpuc.ca.gov/-/media/cpuc-website/divisions/safety-and-enforcement-division/reports/psps-post-event-reports/2024/07-05-2024_psps_post-event_report_20240719.pdf,False,,not_applicable,1.0,PDF pages 4;5;6;16;19;22;26;27,not_stated,0.63,PDF pages 4;5;6;7;8;11;14;44,one_or_more,1.0,PDF pages 3;4;5;6;39;40,zero,1.0,PDF pages 3;4;5;6;39;40,yes,1.0,PDF pages 4;5;6;14;15;16;24;25,0,PDF page 5,0,PDF page 5,,,,,,,,,,2,,wind_threshold_cited:low_confidence
pge__10_17_2024_psps_post_event_report,PG&E,2024,"October 17, 2024: PG&E PSPS Post-Event Report",Amended,https://www.cpuc.ca.gov/-/media/cpuc-website/divisions/safety-and-enforcement-division/reports/psps-post-event-reports/2024/pge_psps_post-event-report_20241017-amended-redlined.pdf,https://www.cpuc.ca.gov/-/media/cpuc-website/divisions/safety-and-enforcement-division/reports/psps-post-event-reports/2024/10-17-2024-psps-post-event-report.pdf,True,,all_notified,0.64,PDF pages 4;5;9;27;54;55;56;57,not_stated,0.94,PDF pages 4;5;9;11;12;13;15;87,one_or_more,1.0,PDF pages 3;4;5;9;78;79,one_or_more,1.0,PDF pages 3;4;5;9;78;79,yes,1.0,PDF pages 4;5;9;10;34;35;48;63,17367,PDF page 4,21,PDF page 9,Alameda; Butte; Colusa; Contra Costa; Fresno; Glenn; Lake; Mendocino; Monterey; Napa; Plumas; San Benito; Santa Barbara; Santa Clara; Santa Cruz; Shasta; Solano; Sonoma; Stanislaus; Tehama; Yolo,2024-10-17 12:57,PDF page 4,2024-10-17 12:57,2024-10-20 13:18,PDF page 109,2024-10-20 13:18,72.35,,5,,mbl_advance_notice:low_confidence numbers:conflicting_sources
pge__7_20_2024_psps_post_event_report_08_02_2024,PG&E,2024,"July 20, 2024: PG&E PSPS Post-Event Report",original,https://www.cpuc.ca.gov/-/media/cpuc-website/divisions/safety-and-enforcement-division/reports/psps-post-event-reports/2024/7-20-2024-psps-post-event-report-08-02-2024.pdf,https://www.cpuc.ca.gov/-/media/cpuc-website/divisions/safety-and-enforcement-division/reports/psps-post-event-reports/2024/7-20-2024-psps-post-event-report-08-02-2024.pdf,False,,all_notified,0.98,PDF pages 4;5;7;23;36;37;38;39,not_stated,0.9,PDF pages 4;5;7;8;9;10;18;61,one_or_more,1.0,PDF pages 3;4;5;7;55;56,zero,1.0,PDF pages 3;4;5;7;55;56,yes,1.0,PDF pages 4;5;7;8;16;17;33;35,212,PDF page 4,3,PDF page 75,Alameda; Contra Costa; San Joaquin,2024-07-20 14:37,PDF page 75,2024-07-20 14:37,2024-07-21 08:30,PDF page 75,2024-07-21 08:30,17.88,,4,,
pge__pge11052024pspsposteventreport,PG&E,2024,"November 5, 2024: PG&E PSPS Post-Event Report",original,https://www.cpuc.ca.gov/-/media/cpuc-website/divisions/safety-and-enforcement-division/reports/psps-post-event-reports/2024/pge11052024pspsposteventreport.pdf,https://www.cpuc.ca.gov/-/media/cpuc-website/divisions/safety-and-enforcement-division/reports/psps-post-event-reports/2024/pge11052024pspsposteventreport.pdf,False,,all_notified,0.93,PDF pages 4;5;17;35;52;73;74;75,not_stated,0.94,PDF pages 4;5;17;19;20;21;23;105,one_or_more,1.0,PDF pages 3;4;5;17;96;97,one_or_more,1.0,PDF pages 3;4;5;17;96;97;98,yes,1.0,PDF pages 4;5;17;18;48;49;72;82,21357,PDF page 35,17,PDF page 5,Alameda; Butte; Colusa; Contra Costa; Glenn; Kern; Lake; Mendocino; Napa; Plumas; Santa Clara; Santa Cruz; Solano; Sonoma; Stanislaus; Tehama; Yolo,2024-11-05 17:27,PDF page 4,2024-11-05 17:27,2024-11-08 11:42,PDF page 99,2024-11-08 11:42,66.25,,6,,
pge__pge_psps_post_event_report_20240702,PG&E,2024,"July 2, 2024: PG&E PSPS Post-Event Report",Amended,https://www.cpuc.ca.gov/-/media/cpuc-website/divisions/safety-and-enforcement-division/reports/psps-post-event-reports/2024/pge_psps_post-event_report_20240702-amended-redlined.pdf,https://www.cpuc.ca.gov/-/media/cpuc-website/divisions/safety-and-enforcement-division/reports/psps-post-event-reports/2024/pge_psps_post-event_report_20240702.pdf,True,,all_notified,0.52,PDF pages 4;5;6;37;38;39;40;45,met,0.72,PDF pages 4;5;6;7;8;18;19;67,one_or_more,1.0,PDF pages 3;4;5;6;59;60,one_or_more,1.0,PDF pages 3;4;5;6;59;60,yes,1.0,PDF pages 4;5;6;7;15;27;35;36,1843,PDF page 23,8,PDF page 23,Butte; Colusa; Lake; Napa; Solano; Sonoma; Tehama; Yolo,2024-07-02 00:29,PDF page 23,2024-07-02 00:29,2024-07-03 17:56,PDF page 23,2024-07-03 17:56,41.45,,6,,mbl_advance_notice:low_confidence wind_threshold_cited:low_confidence numbers:conflicting_sources
pge__r1812005pge1292024_psps_postevent_report122324,PG&E,2024,"December 9, 2024: PG&E PSPS Post-Event Report",original,https://www.cpuc.ca.gov/-/media/cpuc-website/divisions/safety-and-enforcement-division/reports/psps-post-event-reports/2024/r1812005pge1292024-psps-postevent-report122324.pdf,https://www.cpuc.ca.gov/-/media/cpuc-website/divisions/safety-and-enforcement-division/reports/psps-post-event-reports/2024/r1812005pge1292024-psps-postevent-report122324.pdf,False,,all_notified,0.99,PDF pages 7;8;9;26;38;39;40;41,not_stated,0.91,PDF pages 7;8;9;11;12;13;15;62,one_or_more,1.0,PDF pages 6;7;8;9;55;56,zero,1.0,PDF pages 6;7;8;9;55;56,yes,0.99,PDF pages 7;8;9;10;30;31;37;85,571,PDF page 26,1,PDF page 9,Kern,2024-12-09 20:00,PDF page 73,2024-12-09 20:00,2024-12-10 18:59,PDF page 73,2024-12-10 18:59,22.98,,4,,
pge__r1812005psps_event_93010152024,PG&E,2024,"September 30, 2024: PG&E PSPS Post-Event Report",Amended,https://www.cpuc.ca.gov/-/media/cpuc-website/divisions/safety-and-enforcement-division/reports/psps-post-event-reports/2024/pge_psps_post-event-report_20240930-amended-redlined.pdf,https://www.cpuc.ca.gov/-/media/cpuc-website/divisions/safety-and-enforcement-division/reports/psps-post-event-reports/2024/r1812005psps-event-93010152024.pdf,True,,all_notified,0.58,PDF pages 4;5;7;25;44;45;46;47,not_stated,0.81,PDF pages 4;5;7;9;10;11;13;75,one_or_more,1.0,PDF pages 3;4;5;7;66;67,one_or_more,1.0,PDF pages 3;4;5;7;66;67,yes,1.0,PDF pages 4;5;7;8;30;31;42;43,9176,PDF page 25,5,PDF page 95,Butte; Colusa; Glenn; Shasta; Tehama,2024-09-30 04:38,PDF page 4,2024-09-30 04:38,2024-10-01 10:36,PDF page 95,2024-10-01 10:36,29.97,,5,,mbl_advance_notice:low_confidence wind_threshold_cited:low_confidence numbers:conflicting_sources
pge__r1812005_pge06192025_psps_post_event_report_072125,PG&E,2025,"June 19, 2025: PG&E PSPS Post-Event Report",original,https://www.cpuc.ca.gov/-/media/cpuc-website/divisions/safety-and-enforcement-division/reports/psps-post-event-reports/2025/r1812005--pge06192025-psps-post-event-report_072125.pdf,https://www.cpuc.ca.gov/-/media/cpuc-website/divisions/safety-and-enforcement-division/reports/psps-post-event-reports/2025/r1812005--pge06192025-psps-post-event-report_072125.pdf,False,,all_notified,0.34,PDF pages 4;5;7;23;27;34;67;68,not_stated,0.95,PDF pages 4;5;7;9;10;12;13;99,one_or_more,1.0,PDF pages 3;4;5;7;91;92,one_or_more,1.0,PDF pages 3;4;5;7;91;92,yes,1.0,PDF pages 4;5;7;8;34;35;66;78,16223,PDF page 27,19,PDF page 27,Alameda; Colusa; Contra Costa; Fresno; Glenn; Kern; Kings; Merced; Monterey; San Benito; San Joaquin; San Luis Obispo; Santa Barbara; Santa Clara; Shasta; Stanislaus; Sutter; Tehama; Trinity,2025-06-19 04:47,PDF page 4,2025-06-19 04:47,2025-06-22 17:22,PDF page 119,2025-06-22 17:22,84.58,,4,,mbl_advance_notice:low_confidence
pge__r1812005pge1132025_psps_postevent_report01020224,PG&E,2025,"January 13, 2025: PG&E PSPS Post-Event Report",original,https://www.cpuc.ca.gov/-/media/cpuc-website/divisions/safety-and-enforcement-division/reports/psps-post-event-reports/2025/r1812005pge1132025-psps-postevent-report01020224.pdf,https://www.cpuc.ca.gov/-/media/cpuc-website/divisions/safety-and-enforcement-division/reports/psps-post-event-reports/2025/r1812005pge1132025-psps-postevent-report01020224.pdf,False,,all_notified,0.92,PDF pages 7;8;9;27;39;40;87;88,not_stated,0.93,PDF pages 7;8;9;11;12;13;15;64,one_or_more,1.0,PDF pages 6;7;8;9;55;56,one_or_more,1.0,PDF pages 6;7;8;9;55;56,no,0.7,PDF pages 7;8;9;10;89;90;100;190,583,PDF page 27,1,PDF page 78,Kern,2025-01-12 23:13,PDF page 78,2025-01-12 23:13,2025-01-15 16:29,PDF page 78,2025-01-15 16:29,65.27,,4,,canceled_after_notice:low_confidence
pge__r1812005pge1202025_psps_postevent_report02042025,PG&E,2025,"January 20, 2025: PG&E PSPS Post-Event Report",original,https://www.cpuc.ca.gov/-/media/cpuc-website/divisions/safety-and-enforcement-division/reports/psps-post-event-reports/2025/r1812005pge1202025-psps-postevent-report02042025.pdf,https://www.cpuc.ca.gov/-/media/cpuc-website/divisions/safety-and-enforcement-division/reports/psps-post-event-reports/2025/r1812005pge1202025-psps-postevent-report02042025.pdf,False,,all_notified,0.99,PDF pages 7;8;9;26;38;39;84;85,not_stated,0.93,PDF pages 7;8;9;10;11;12;14;61,one_or_more,1.0,PDF pages 6;7;8;9;52;53,one_or_more,1.0,PDF pages 6;7;8;9;52;53,no,0.99,PDF pages 7;8;9;10;30;31;87;97,583,PDF page 26,1,PDF page 26,Kern,2025-01-20 13:14,PDF page 75,2025-01-20 13:14,2025-01-21 14:17,PDF page 75,2025-01-21 14:17,25.05,,3,,
pge__r1812005pge1222025_psps_postevent_report02072025,PG&E,2025,"January 22, 2025: PG&E PSPS Post-Event Report",original,https://www.cpuc.ca.gov/-/media/cpuc-website/divisions/safety-and-enforcement-division/reports/psps-post-event-reports/2025/r1812005pge1222025-psps-postevent-report02072025.pdf,https://www.cpuc.ca.gov/-/media/cpuc-website/divisions/safety-and-enforcement-division/reports/psps-post-event-reports/2025/r1812005pge1222025-psps-postevent-report02072025.pdf,False,,all_notified,0.9,PDF pages 7;8;9;25;36;37;82;83,not_stated,0.95,PDF pages 7;8;9;10;11;12;14;59,one_or_more,1.0,PDF pages 6;7;8;9;51;52,one_or_more,1.0,PDF pages 6;7;8;9;51;52,no,0.99,PDF pages 7;8;9;10;84;85;95;185,583,PDF page 8,1,PDF page 8,Kern,2025-01-22 17:37,PDF page 7,2025-01-22 17:37,2025-01-24 10:37,PDF page 73,2025-01-24 10:37,41.0,,4,,
pge__r1812005pge51726_psps_postevent_reports1,PG&E,2026,"May 17, 2026: PG&E PSPS Post-Event Report",original,https://www.cpuc.ca.gov/-/media/cpuc-website/divisions/safety-and-enforcement-division/reports/psps-post-event-reports/2026/r1812005pge51726-psps-postevent-reports1.pdf,https://www.cpuc.ca.gov/-/media/cpuc-website/divisions/safety-and-enforcement-division/reports/psps-post-event-reports/2026/r1812005pge51726-psps-postevent-reports1.pdf,False,,all_notified,0.57,PDF pages 7;8;9;30;41;42;96;97,not_stated,0.92,PDF pages 7;8;9;11;12;15;16;73,one_or_more,1.0,PDF pages 6;7;8;9;65;66,zero,0.99,PDF pages 6;7;8;9;65;66,yes,1.0,PDF pages 7;8;9;10;39;40;51;96,4583,PDF page 8,15,PDF page 9,Alameda; Colusa; Contra Costa; Fresno; Glenn; Lake; Merced; Napa; San Benito; San Joaquin; Solano; Sonoma; Stanislaus; Tehama; Yolo,2026-05-17 05:54,PDF page 88,2026-05-17 05:54,2026-05-18 20:15,PDF page 89,2026-05-18 20:15,38.35,,5,,mbl_advance_notice:low_confidence
pge__r1812005pge61026_psps_postevent_report62526,PG&E,2026,"June 10, 2026: PG&E PSPS Post-Event Report",original,https://www.cpuc.ca.gov/-/media/cpuc-website/divisions/safety-and-enforcement-division/reports/psps-post-event-reports/2026/r1812005pge61026-psps-postevent-report62526.pdf,https://www.cpuc.ca.gov/-/media/cpuc-website/divisions/safety-and-enforcement-division/reports/psps-post-event-reports/2026/r1812005pge61026-psps-postevent-report62526.pdf,False,,all_notified,0.7,PDF pages 7;8;9;45;46;96;100;101,not_stated,0.94,PDF pages 7;8;9;11;12;17;18;73,one_or_more,1.0,PDF pages 6;7;8;9;65;66,one_or_more,1.0,PDF pages 6;7;8;9;65;66,yes,1.0,PDF pages 7;8;9;10;42;43;45;100,4256,PDF page 9,8,PDF page 10,Colusa; Glenn; Lake; Napa; Sonoma; Sutter; Tehama; Yolo,2026-06-10 13:10,PDF page 83,2026-06-10 13:10,2026-06-11 17:53,PDF page 84,2026-06-11 17:53,28.72,,6,,mbl_advance_notice:low_confidence
pge__r1812005pge71526_psps_postevent_report073026,PG&E,2026,"July 15, 2026: PG&E PSPS Post-Event Report",original,https://www.cpuc.ca.gov/-/media/cpuc-website/divisions/safety-and-enforcement-division/reports/psps-post-event-reports/2026/r1812005pge71526-psps-postevent-report073026.pdf,https://www.cpuc.ca.gov/-/media/cpuc-website/divisions/safety-and-enforcement-division/reports/psps-post-event-reports/2026/r1812005pge71526-psps-postevent-report073026.pdf,False,,all_notified,0.31,PDF pages 7;8;10;31;39;40;94;95,not_stated,0.76,PDF pages 7;8;10;12;13;14;15;68,one_or_more,1.0,PDF pages 6;7;8;10;60;61,one_or_more,1.0,PDF pages 6;7;8;10;60;61;62,yes,1.0,PDF pages 7;8;10;11;36;37;49;94,5186,PDF page 10,8,PDF page 10,Alameda; Contra Costa; Marin; Monterey; San Benito; San Joaquin; San Luis Obispo; Santa Barbara,2026-07-15 12:42,PDF page 79,2026-07-15 12:42,2026-07-16 16:17,PDF page 80,2026-07-16 16:17,27.58,,7,,mbl_advance_notice:low_confidence wind_threshold_cited:low_confidence
sce__sce_esrb_8_report_regarding_november_5_through_november_13_2018,SCE,2018,"Nov. 5-13, 2018 Potential Pro-Active De-Energization Report",original,https://www.cpuc.ca.gov/-/media/cpuc-website/divisions/safety-and-enforcement-division/reports/psps-post-event-reports/2019-and-earlier/sce-esrb-8-report-regarding-november-5-through-november-13-2018.pdf,https://www.cpuc.ca.gov/-/media/cpuc-website/divisions/safety-and-enforcement-division/reports/psps-post-event-reports/2019-and-earlier/sce-esrb-8-report-regarding-november-5-through-november-13-2018.pdf,False,,NO_MATCHING_PAGE,,,met,0.56,PDF pages 3;4;5;6;10,one_or_more,1.0,PDF pages 9;10,zero,1.0,PDF pages 9;10,NO_MATCHING_PAGE,,,,,4,PDF page 6,Los Angeles; Orange; San Bernardino; Ventura,2018-11-08 23:24,PDF page 5,2018-11-08 23:24,2018-11-14 11:35,PDF page 6,2018-11-14 11:35,132.18,,1,,mbl_advance_notice:no_matching_page wind_threshold_cited:low_confidence canceled_after_notice:no_matching_page
sce__sce_esrb_8_report_regarding_october_12_through_october_16_2018,SCE,2018,"Oct. 12-16, 2018 Potential Pro-Active De-Energization Report",original,https://www.cpuc.ca.gov/-/media/cpuc-website/divisions/safety-and-enforcement-division/reports/psps-post-event-reports/2019-and-earlier/sce-esrb-8-report-regarding-october-12-through-october-16-2018.pdf,https://www.cpuc.ca.gov/-/media/cpuc-website/divisions/safety-and-enforcement-division/reports/psps-post-event-reports/2019-and-earlier/sce-esrb-8-report-regarding-october-12-through-october-16-2018.pdf,False,,not_stated,0.96,PDF pages 3,not_stated,0.9,PDF pages 2;3,one_or_more,0.42,PDF pages 9;10,not_stated,0.69,PDF pages 9;10,yes,1.0,PDF pages 9;10,0,PDF page 9,0,PDF page 9,,,,,,,,,,0,,complaints_reported:low_confidence claims_reported:low_confidence
sce__sce_esrb_8_report_dec_29_2018_jan1_2019,SCE,2019,"Dec. 29, 2018 - Jan. 1, 2019 Pro-Active De-Energization Post Event Report",original,https://www.cpuc.ca.gov/-/media/cpuc-website/divisions/safety-and-enforcement-division/reports/psps-post-event-reports/2019-and-earlier/sce-esrb-8-report-dec-29-2018-jan1-2019.pdf,https://www.cpuc.ca.gov/-/media/cpuc-website/divisions/safety-and-enforcement-division/reports/psps-post-event-reports/2019-and-earlier/sce-esrb-8-report-dec-29-2018-jan1-2019.pdf,False,,NO_MATCHING_PAGE,,,met,0.61,PDF pages 3;4;7,one_or_more,0.89,PDF pages 7;8,not_stated,0.97,PDF pages 7;8,NO_MATCHING_PAGE,,,34,PDF page 4,1,PDF page 4,Orange,2019-01-01 02:27,PDF page 4,2019-01-01 02:27,2019-01-01 17:08,PDF page 4,2019-01-01 17:08,14.68,,1,,mbl_advance_notice:no_matching_page wind_threshold_cited:low_confidence complaints_reported:low_confidence canceled_after_notice:no_matching_page
sce__sce_nov_2326_2019_psps_postevent_report,SCE,2019,"Nov. 23-26, 2019 Proactive De-energization Post-Event Report",original,https://www.cpuc.ca.gov/-/media/cpuc-website/divisions/safety-and-enforcement-division/reports/psps-post-event-reports/2019/sce-nov-2326-2019-psps-postevent-report.pdf,https://www.cpuc.ca.gov/-/media/cpuc-website/divisions/safety-and-enforcement-division/reports/psps-post-event-reports/2019/sce-nov-2326-2019-psps-postevent-report.pdf,False,,not_stated,0.89,PDF pages 3;4;7;14;15,met,0.91,PDF pages 3;4;5;8;13;15,one_or_more,0.54,PDF pages 3;4;11;12,zero,0.72,PDF pages 3;4;11;12,yes,1.0,PDF pages 3;4;30,1192,PDF page 3,5,PDF page 8,Mono; Ventura; San Bernardino; Inyo; Los Angeles,2019-11-25 08:39,PDF page 16,2019-11-25 08:39,2019-11-26 14:35,PDF page 16,2019-11-26 14:35,29.93,,1,,mbl_advance_notice:low_confidence complaints_reported:low_confidence claims_reported:low_confidence
sce__sce_post_event_reporting_october_21_through_october_26_2019,SCE,2019,"Oct. 21-26, 2019 Pro-Active De-Energization Post Event Report",Amended,https://www.cpuc.ca.gov/-/media/cpuc-website/divisions/safety-and-enforcement-division/reports/psps-post-event-reports/2019/sce-psp-post-event-report-oct-2126-2019-11262019.pdf,https://www.cpuc.ca.gov/-/media/cpuc-website/consumer-support/documents/psps/2019/sce/sce-post-event-reporting-october-21-through-october-26-2019.pdf,False,,not_stated,0.84,PDF pages 3;4;17;18,met,0.99,PDF pages 3;4;5;6;7;8;11;19,one_or_more,1.0,PDF pages 3;4;13;14,one_or_more,0.92,PDF pages 3;4;13;14;15,yes,0.99,PDF pages 3;4;54,31386,PDF page 3,6,PDF page 9,Kern; Los Angeles; Orange; Riverside; San Bernardino; Ventura,2019-10-23 23:47,PDF page 110,2019-10-23 23:47,2019-10-28 19:02,PDF page 110,2019-10-28 19:02,115.25,,1,,mbl_advance_notice:low_confidence
sce__sce_post_event_reporting_september_4_through_september_8_2019,SCE,2019,"Sept. 4-8, 2019 Pro-Active De-Energization Post Event Report",Amended,https://www.cpuc.ca.gov/-/media/cpuc-website/divisions/safety-and-enforcement-division/reports/psps-post-event-reports/2019/sce-psps-postevent-report-sept-49-2019-9232019-amended.pdf,https://www.cpuc.ca.gov/-/media/cpuc-website/consumer-support/documents/psps/2019/sce/sce-post-event-reporting-september-4-through-september-8-2019.pdf,False,,NO_MATCHING_PAGE,,,met,0.91,PDF pages 5;10;13,zero,0.94,PDF pages 12,zero,0.91,PDF pages 12,not_stated,1.0,PDF pages 1;2,650,PDF page 3,1,PDF page 3,Santa Barbara,2019-09-07 17:37,PDF page 5,2019-09-07 17:37,2019-09-08 14:18,PDF page 14,2019-09-08 14:18,20.68,,1,,mbl_advance_notice:no_matching_page
sce__sce_psps_post_event_report_june_28july8_2019_7222019,SCE,2019,"Jun. 28-Jul. 8, 2019 Potential Pro-Active De-Energization Report",original,https://www.cpuc.ca.gov/-/media/cpuc-website/divisions/safety-and-enforcement-division/reports/psps-post-event-reports/2019/sce-psps-post-event-report-june-28july8-2019-7222019.pdf,https://www.cpuc.ca.gov/-/media/cpuc-website/divisions/safety-and-enforcement-division/reports/psps-post-event-reports/2019/sce-psps-post-event-report-june-28july8-2019-7222019.pdf,False,,not_applicable,1.0,PDF pages 3;4;14;15,not_stated,0.88,PDF pages 3;4;5;8;9;29;30,one_or_more,1.0,PDF pages 3;4;13;14,not_stated,0.66,PDF pages 3;4;13;14,yes,1.0,PDF pages 3;4;32;35;36;41,0,PDF page 13,0,PDF page 13,,,,,,,,,,1,,wind_threshold_cited:low_confidence claims_reported:low_confidence
sce__sce_psps_post_event_reportjune_17_22_2019_752019,SCE,2019,"Jun. 17-22, 2019 Potential Pro-Active De-Energization Report",original,https://www.cpuc.ca.gov/-/media/cpuc-website/divisions/safety-and-enforcement-division/reports/psps-post-event-reports/2019/sce-psps-post-event-reportjune-17-22-2019-752019.pdf,https://www.cpuc.ca.gov/-/media/cpuc-website/divisions/safety-and-enforcement-division/reports/psps-post-event-reports/2019/sce-psps-post-event-reportjune-17-22-2019-752019.pdf,False,,not_applicable,1.0,PDF pages 3;4;10;11,not_stated,0.93,PDF pages 3;4;5;11,zero,0.99,PDF pages 3;4;9;10,zero,0.84,PDF pages 3;4;9;10,yes,1.0,PDF pages 3;4;17,0,PDF page 9,0,PDF page 9,,,,,,,,,,1,,claims_reported:low_confidence
sce__sce_psps_postevent_report_july_921_2019_822019,SCE,2019,"Jul. 9-21, 2019 Potential Pro-Active De-Energization Report",original,https://www.cpuc.ca.gov/-/media/cpuc-website/divisions/safety-and-enforcement-division/reports/psps-post-event-reports/2019/sce-psps-postevent-report-july-921-2019-822019.pdf,https://www.cpuc.ca.gov/-/media/cpuc-website/divisions/safety-and-enforcement-division/reports/psps-post-event-reports/2019/sce-psps-postevent-report-july-921-2019-822019.pdf,False,,not_applicable,1.0,PDF pages 3;4;17;18,not_stated,0.89,PDF pages 1;2;3;4;5;18,zero,0.99,PDF pages 3;4;16;17,zero,0.83,PDF pages 3;4;16;17,yes,1.0,PDF pages 3;4;95;96;97,0,PDF page 16,0,PDF page 16,,,,,,,,,,2,,wind_threshold_cited:low_confidence claims_reported:low_confidence
sce__sce_psps_postevent_report_nov_1517_2019_1222019,SCE,2019,"Nov. 15-17, 2019 Proactive De-Energization Post Event Report",original,https://www.cpuc.ca.gov/-/media/cpuc-website/divisions/safety-and-enforcement-division/reports/psps-post-event-reports/2019/sce-psps-postevent-report-nov-1517-2019-1222019.pdf,https://www.cpuc.ca.gov/-/media/cpuc-website/divisions/safety-and-enforcement-division/reports/psps-post-event-reports/2019/sce-psps-postevent-report-nov-1517-2019-1222019.pdf,False,,not_stated,0.91,PDF pages 3;4;12;13,not_met,0.24,PDF pages 3;4;5;7;9;11;13,zero,1.0,PDF pages 3;4;9;10,one_or_more,0.99,PDF pages 3;4;9;10,yes,1.0,PDF pages 3;4;25,49,PDF page 7,1,PDF page 7,Ventura,2019-11-17 05:18,PDF page 7,2019-11-17 05:18,2019-11-17 10:00,PDF page 7,2019-11-17 10:00,4.7,,1,,wind_threshold_cited:low_confidence
sce__sce_psps_postevent_report_oct_1221_2019_1112019,SCE,2019,"Oct. 12-21, 2019 Pro-Active De-Energization Post Event Report",original,https://www.cpuc.ca.gov/-/media/cpuc-website/divisions/safety-and-enforcement-division/reports/psps-post-event-reports/2019/sce-psps-postevent-report-oct-1221-2019-1112019.pdf,https://www.cpuc.ca.gov/-/media/cpuc-website/divisions/safety-and-enforcement-division/reports/psps-post-event-reports/2019/sce-psps-postevent-report-oct-1221-2019-1112019.pdf,False,,not_stated,0.91,PDF pages 3;4;15;16,met,0.98,PDF pages 3;4;5;6;7;8;9;14,zero,1.0,PDF pages 3;4;12;13,zero,0.65,PDF pages 3;4;12;13,yes,1.0,PDF pages 3;4;39,444,PDF page 14,4,PDF page 3,Kern; Los Angeles; Mono; San Bernardino,2019-10-16 22:01,PDF page 7,2019-10-16 22:01,2019-10-21 00:06,PDF page 10,2019-10-21 00:06,98.08,,1,,claims_reported:low_confidence
sce__sce_psps_postevent_report_sept_21oct1_2019_10152019,SCE,2019,"Sept. 21-Oct. 1, 2019: Pro-Active De-Energization Post Event Report",original,https://www.cpuc.ca.gov/-/media/cpuc-website/consumer-support/documents/psps/2019/sce/sce-psps-postevent-report-sept-21oct1-2019-10152019.pdf,https://www.cpuc.ca.gov/-/media/cpuc-website/consumer-support/documents/psps/2019/sce/sce-psps-postevent-report-sept-21oct1-2019-10152019.pdf,False,,NO_MATCHING_PAGE,,PDF pages 3;4;20;21,met,0.96,PDF pages 3;4;5;6;18;20,one_or_more,1.0,PDF pages 3;4;19;20,zero,1.0,PDF pages 3;4;19;20,yes,0.99,PDF pages 3;4;42,85,PDF page 3,1,PDF page 3,Riverside,2019-09-24 14:46,PDF page 5,2019-09-24 14:46,2019-09-24 20:34,PDF page 19,2019-09-24 20:34,5.8,,1,24(unreadable);25(unreadable);26(unreadable);27(unreadable);28(unreadable);29(unreadable);30(unreadable);31(not_transcribed_cap);32(not_transcribed_cap);33(not_transcribed_cap);34(not_transcribed_cap),mbl_advance_notice:no_matching_page event:unreadable_page
sce__sce_psps_postevent_reportaug_1217_2019_8302019,SCE,2019,"Aug. 12-17, 2019 Potential Pro-Active De-Energization Report",original,https://www.cpuc.ca.gov/-/media/cpuc-website/divisions/safety-and-enforcement-division/reports/psps-post-event-reports/2019/sce-psps-postevent-reportaug-1217-2019-8302019.pdf,https://www.cpuc.ca.gov/-/media/cpuc-website/divisions/safety-and-enforcement-division/reports/psps-post-event-reports/2019/sce-psps-postevent-reportaug-1217-2019-8302019.pdf,False,,NO_MATCHING_PAGE,,PDF pages 3;4;10;11,not_stated,0.95,PDF pages 2;3;4;5;6;7;8;11,zero,0.3,PDF pages 3;4;9;10,zero,0.42,PDF pages 3;4;9;10,yes,1.0,PDF pages 3;4,0,PDF page 9,0,PDF page 9,,,,,,,,,,2,,mbl_advance_notice:no_matching_page complaints_reported:low_confidence claims_reported:low_confidence
sce__sce_psps_postevent_reportaug_310_2019_8222019,SCE,2019,"Aug. 3-10, 2019: Pro-Active De-Energization Post Event Report",original,https://www.cpuc.ca.gov/-/media/cpuc-website/consumer-support/documents/psps/2019/sce/sce-psps-postevent-reportaug-310-2019-8222019.pdf,https://www.cpuc.ca.gov/-/media/cpuc-website/consumer-support/documents/psps/2019/sce/sce-psps-postevent-reportaug-310-2019-8222019.pdf,False,,not_applicable,1.0,PDF pages 3;4;11;12;14,not_stated,0.95,PDF pages 2;3;4;5;6;7;17;18,not_stated,0.54,PDF pages 3;4;10;11,not_stated,0.29,PDF pages 3;4;10;11,yes,0.99,PDF pages 3;4,0,PDF page 10,0,PDF page 10,,,,,,,,,,4,,complaints_reported:low_confidence claims_reported:low_confidence
sce__sce_psps_postevent_reportjuly_2228_2019_892019,SCE,2019,"Jul. 22-28, 2019: Pro-Active De-Energization Post Event Report",original,https://www.cpuc.ca.gov/-/media/cpuc-website/consumer-support/documents/psps/2019/sce/sce-psps-postevent-reportjuly-2228-2019-892019.pdf,https://www.cpuc.ca.gov/-/media/cpuc-website/consumer-support/documents/psps/2019/sce/sce-psps-postevent-reportjuly-2228-2019-892019.pdf,False,,not_applicable,1.0,PDF pages 3;4;11;12,not_stated,0.94,PDF pages 1;2;3;4;5;7;12,zero,0.99,PDF pages 3;4;9;10,zero,0.89,PDF pages 3;4;9;10,yes,1.0,PDF pages 3;4;5,0,PDF page 9,0,PDF page 9,,,,,,,,,,2,,claims_reported:low_confidence
sce__sce_psps_postevent_reportjuly_29aug_2_2019_8162019,SCE,2019,"Jul. 29-Aug. 2, 2019: Pro-Active De-Energization Post Event Report",original,https://www.cpuc.ca.gov/-/media/cpuc-website/consumer-support/documents/psps/2019/sce/sce-psps-postevent-reportjuly-29aug-2-2019-8162019.pdf,https://www.cpuc.ca.gov/-/media/cpuc-website/consumer-support/documents/psps/2019/sce/sce-psps-postevent-reportjuly-29aug-2-2019-8162019.pdf,False,,not_applicable,1.0,PDF pages 3;4;9;10,not_stated,0.83,PDF pages 2;3;4;5;6;7;8;10,zero,0.99,PDF pages 3;4;8;9,zero,0.78,PDF pages 3;4;8;9,yes,1.0,PDF pages 3;4,0,PDF page 8,0,PDF page 8,,,,,,,,,,1,,wind_threshold_cited:low_confidence claims_reported:low_confidence
sce__sce_psps_postevent_reportoct_212_2019_10252019,SCE,2019,"Oct. 2-12, 2019 Pro-Active De-Energization Post Event Report",original,https://www.cpuc.ca.gov/-/media/cpuc-website/divisions/safety-and-enforcement-division/reports/psps-post-event-reports/2019/sce-psps-postevent-reportoct-212-2019-10252019.pdf,https://www.cpuc.ca.gov/-/media/cpuc-website/divisions/safety-and-enforcement-division/reports/psps-post-event-reports/2019/sce-psps-postevent-reportoct-212-2019-10252019.pdf,False,,not_stated,0.76,PDF pages 3;4;19;20,met,1.0,PDF pages 3;4;5;6;7;8;9;18,one_or_more,1.0,PDF pages 3;4;15;16,zero,1.0,PDF pages 3;4;15;16,yes,0.97,PDF pages 3;4;56,24112,PDF page 18,6,PDF page 11,Kern; Los Angeles; Riverside; San Bernardino; Santa Barbara; Ventura,2019-10-09 11:57,PDF page 8,2019-10-09 11:57,2019-10-18 19:23,PDF page 16,2019-10-18 19:23,223.43,,1,,mbl_advance_notice:low_confidence
sce__sce_psps_postevent_reportoct_27nov_4_2019_11192019,SCE,2019,"Oct. 27-Nov. 4, 2019 Proactive De-Energization Post Event Report",original,https://www.cpuc.ca.gov/-/media/cpuc-website/divisions/safety-and-enforcement-division/reports/psps-post-event-reports/2019/sce-psps-postevent-reportoct-27nov-4-2019-11192019.pdf,https://www.cpuc.ca.gov/-/media/cpuc-website/divisions/safety-and-enforcement-division/reports/psps-post-event-reports/2019/sce-psps-postevent-reportoct-27nov-4-2019-11192019.pdf,False,,not_stated,0.51,PDF pages 3;4;10;16;19;20;21,met,0.99,PDF pages 3;4;5;6;7;8;9;10,one_or_more,1.0,PDF pages 3;4;15;16,one_or_more,0.93,PDF pages 3;4;13;15;16,yes,1.0,PDF pages 3;4;50,126364,PDF page 18,7,PDF page 7,Fresno; Kern; Los Angeles; Madera; Riverside; San Bernardino; Ventura,2019-10-27 03:57,PDF page 5,2019-10-27 03:57,2019-11-06 13:15,PDF page 11,2019-11-06 13:15,249.3,,1,,mbl_advance_notice:low_confidence
sce__sce_psps_postevent_reportsept_919_2019_1032019,SCE,2019,"Sept. 9-19, 2019: Pro-Active De-Energization Post Event Report",original,https://www.cpuc.ca.gov/-/media/cpuc-website/consumer-support/documents/psps/2019/sce/sce-psps-postevent-reportsept-919-2019-1032019.pdf,https://www.cpuc.ca.gov/-/media/cpuc-website/consumer-support/documents/psps/2019/sce/sce-psps-postevent-reportsept-919-2019-1032019.pdf,False,,NO_MATCHING_PAGE,,,NO_MATCHING_PAGE,,,NO_MATCHING_PAGE,,,NO_MATCHING_PAGE,,,NO_MATCHING_PAGE,,,14500,PDF page 6,2,PDF page 6,Inyo; Mono,2019-09-16 13:03,PDF page 6,2019-09-16 13:03,2019-09-18 19:36,PDF page 7,2019-09-18 19:36,54.55,,1,,mbl_advance_notice:no_matching_page wind_threshold_cited:no_matching_page complaints_reported:no_matching_page claims_reported:no_matching_page canceled_after_notice:no_matching_page
sce__2020_11_29_sce_psps_post_event_report_final,SCE,2020,"Nov. 29-Dec. 4, 2020: PSPS Post Event Report",original,https://www.cpuc.ca.gov/-/media/cpuc-website/files/uploadedfiles/cpucwebsite/content/news_room/newsupdates/2020/2020-11-29-sce-psps-post-event-report-final.pdf,https://www.cpuc.ca.gov/-/media/cpuc-website/files/uploadedfiles/cpucwebsite/content/news_room/newsupdates/2020/2020-11-29-sce-psps-post-event-report-final.pdf,False,,some_not_notified,0.36,PDF pages 3;4;26;27;28;59,met,1.0,PDF pages 3;4;18;19;20;22;24;25,one_or_more,1.0,PDF pages 3;4;12;13,one_or_more,1.0,PDF pages 3;4;12;13,yes,0.79,PDF pages 3;4,51407,PDF page 3,6,PDF page 6,Kern; Los Angeles; Orange; Riverside; San Bernardino; Ventura,2020-12-02 08:08,PDF page 6,2020-12-02 08:08,2020-12-04 18:30,PDF page 3,2020-12-04 18:30,58.37,,0,,mbl_advance_notice:low_confidence canceled_after_notice:low_confidence
sce__nov_14_18_2020_sce_psps_post_event_report,SCE,2020,"Nov. 14-18, 2020: PSPS Post Event Report",original,https://www.cpuc.ca.gov/-/media/cpuc-website/files/uploadedfiles/cpucwebsite/content/news_room/newsupdates/2020/nov-14-18-2020-sce-psps-post-event-report.pdf,https://www.cpuc.ca.gov/-/media/cpuc-website/files/uploadedfiles/cpucwebsite/content/news_room/newsupdates/2020/nov-14-18-2020-sce-psps-post-event-report.pdf,False,,not_stated,0.86,PDF pages 3;4;13;14;24;27;30;33,met,1.0,PDF pages 3;4;5;7;10;11;12,one_or_more,1.0,PDF pages 3;4;8;9,zero,0.57,PDF pages 3;4;8;9,yes,1.0,PDF pages 3;4;6;12,517,PDF page 13,4,PDF page 3,Inyo; Mono; Kern; Los Angeles,2020-11-16 09:31,PDF page 6,2020-11-16 09:31,2020-11-18 21:55,PDF page 6,2020-11-18 21:55,60.4,,0,,mbl_advance_notice:low_confidence claims_reported:low_confidence
sce__nov_24_28_2020_sce_psps_post_event_report,SCE,2020,"Nov. 24-28, 2020: PSPS Post Event Report",original,https://www.cpuc.ca.gov/-/media/cpuc-website/files/uploadedfiles/cpucwebsite/content/news_room/newsupdates/2020/nov-24-28-2020-sce-psps-post-event-report.pdf,https://www.cpuc.ca.gov/-/media/cpuc-website/files/uploadedfiles/cpucwebsite/content/news_room/newsupdates/2020/nov-24-28-2020-sce-psps-post-event-report.pdf,False,,not_stated,0.3,PDF pages 3;4;16;17;18;50,met,0.91,PDF pages 3;4;5;12;13;14;15;16,one_or_more,1.0,PDF pages 3;4;8;9,one_or_more,0.99,PDF pages 3;4;8;9,yes,0.96,PDF pages 3;4;7,20687,PDF page 3,5,PDF page 3,Kern; Los Angeles; Orange; San Bernardino; Ventura,2020-11-26 07:00,PDF page 6,2020-11-26 07:00,2020-11-28 14:25,PDF page 3,2020-11-28 14:25,55.42,,0,,mbl_advance_notice:low_confidence
sce__nov_3_7_2020_sce_psps_post_event_report,SCE,2020,"Nov. 3-7, 2020: PSPS Post Event Report",original,https://www.cpuc.ca.gov/-/media/cpuc-website/files/uploadedfiles/cpucwebsite/content/news_room/newsupdates/2020/nov-3-7-2020-sce-psps-post-event-report.pdf,https://www.cpuc.ca.gov/-/media/cpuc-website/files/uploadedfiles/cpucwebsite/content/news_room/newsupdates/2020/nov-3-7-2020-sce-psps-post-event-report.pdf,False,,not_stated,1.0,PDF pages 19;22;25;28;32;35;38;41,met,1.0,PDF pages 5;9;10,zero,0.75,PDF pages 7,zero,1.0,PDF pages 7,NO_MATCHING_PAGE,,,1335,PDF page 5,2,PDF page 5,Mono County; San Bernardino County,2020-11-06 10:54,PDF page 6,2020-11-06 10:54,2020-11-07 09:37,PDF page 6,2020-11-07 09:37,22.72,,0,,complaints_reported:low_confidence canceled_after_notice:no_matching_page
sce__sce_jun_25_28_2020_psps_post_event_report,SCE,2020,"June 25-28, 2020: PSPS Post Event Report",original,https://www.cpuc.ca.gov/-/media/cpuc-website/files/uploadedfiles/cpucwebsite/content/news_room/newsupdates/2020/sce-jun-25-28-2020-psps-post-event-report.pdf,https://www.cpuc.ca.gov/-/media/cpuc-website/files/uploadedfiles/cpucwebsite/content/news_room/newsupdates/2020/sce-jun-25-28-2020-psps-post-event-report.pdf,False,,not_applicable,1.0,PDF pages 3;4;9;10;20;24;27;30,not_stated,0.87,PDF pages 3;4;5;9,zero,0.96,PDF pages 3;4;7;8,zero,0.78,PDF pages 3;4;7;8,yes,0.99,PDF pages 3;4,0,PDF page 3,0,PDF page 3,,,,,,,,,,1,,wind_threshold_cited:low_confidence claims_reported:low_confidence
sce__sce_may_27_30_2020_psps_post_event_report,SCE,2020,"May 27-30, 2020: PSPS Post Event Report",original,https://www.cpuc.ca.gov/-/media/cpuc-website/files/uploadedfiles/cpucwebsite/content/news_room/newsupdates/2020/sce-may-27-30-2020-psps-post-event-report.pdf,https://www.cpuc.ca.gov/-/media/cpuc-website/files/uploadedfiles/cpucwebsite/content/news_room/newsupdates/2020/sce-may-27-30-2020-psps-post-event-report.pdf,False,,not_applicable,1.0,PDF pages 3;4;9;10;17,not_stated,0.89,PDF pages 3;4;5,zero,0.97,PDF pages 3;4;7;8,zero,0.8,PDF pages 3;4;7;8,yes,1.0,PDF pages 3;4,0,PDF page 3,0,PDF page 3,,,,,,,,,,1,,wind_threshold_cited:low_confidence claims_reported:low_confidence
sce__sce_oct_16_2020_psps_post_event_report,SCE,2020,"Oct, 16, 2020: PSPS Post Event Report",original,https://www.cpuc.ca.gov/-/media/cpuc-website/files/uploadedfiles/cpucwebsite/content/news_room/newsupdates/2020/sce-oct-16-2020-psps-post-event-report.pdf,https://www.cpuc.ca.gov/-/media/cpuc-website/files/uploadedfiles/cpucwebsite/content/news_room/newsupdates/2020/sce-oct-16-2020-psps-post-event-report.pdf,False,,not_stated,0.22,PDF pages 38,met,1.0,PDF pages 8,zero,0.96,PDF pages 6,zero,1.0,PDF pages 6,NO_MATCHING_PAGE,,,86,PDF page 3,2,PDF page 3,Los Angeles; Ventura,2020-10-16 08:27,PDF page 5,2020-10-16 08:27,2020-10-16 18:12,PDF page 5,2020-10-16 18:12,9.75,,1,,mbl_advance_notice:low_confidence canceled_after_notice:no_matching_page
sce__sce_oct_23_28_2020_psps_post_event_report,SCE,2020,"Oct. 23-28, 2020: PSPS Post Event Report",original,https://www.cpuc.ca.gov/-/media/cpuc-website/files/uploadedfiles/cpucwebsite/content/news_room/newsupdates/2020/sce-oct-23-28-2020-psps-post-event-report.pdf,https://www.cpuc.ca.gov/-/media/cpuc-website/files/uploadedfiles/cpucwebsite/content/news_room/newsupdates/2020/sce-oct-23-28-2020-psps-post-event-report.pdf,False,,some_not_notified,0.59,PDF pages 3;4;20;21;22;540,met,1.0,PDF pages 3;4;5;6;14;15;19;20,zero,0.88,PDF pages 3;4;12;13,one_or_more,1.0,PDF pages 3;4;12;13,yes,0.47,PDF pages 3;4;9;13;14,36307,PDF page 3,6,PDF page 3,Kern; Ventura; Los Angeles; San Bernardino; Orange; Riverside,2020-10-26 06:23,PDF page 6,2020-10-26 06:23,2020-10-29 11:53,PDF page 12,2020-10-29 11:53,77.5,,0,,mbl_advance_notice:low_confidence complaints_reported:low_confidence canceled_after_notice:low_confidence
sce__sce_psps_post_event_report_2020_july_31_to_august_4,SCE,2020,"July 31-Aug. 4, 2020: PSPS Post Event Report",original,https://www.cpuc.ca.gov/-/media/cpuc-website/files/uploadedfiles/cpucwebsite/content/news_room/newsupdates/2020/sce-psps-post-event-report-2020-july-31-to-august-4.pdf,https://www.cpuc.ca.gov/-/media/cpuc-website/files/uploadedfiles/cpucwebsite/content/news_room/newsupdates/2020/sce-psps-post-event-report-2020-july-31-to-august-4.pdf,False,,not_stated,0.93,PDF pages 3;4;12;13;19;22;25;29,met,0.99,PDF pages 1;2;3;4;5;6;7;9,zero,0.99,PDF pages 3;4;7;8,zero,1.0,PDF pages 3;4;7;8,yes,1.0,PDF pages 3;4;8,17,PDF page 3,2,PDF page 134,Kern; Los Angeles,2020-08-02 14:15,PDF page 3,2020-08-02 14:15,2020-08-04 10:30,PDF page 6,2020-08-04 10:30,44.25,,1,,
sce__sce_sept_5_11_2020_psps_post_event_report,SCE,2020,"Sept. 5-11, 2020: PSPS Post Event Report",Amended,https://www.cpuc.ca.gov/-/media/cpuc-website/files/uploadedfiles/cpuc_public_website/content/news_room/news_and_updates/sce-amended-sept-5-11-2020-psps-post-event-report.pdf,https://www.cpuc.ca.gov/-/media/cpuc-website/files/uploadedfiles/cpucwebsite/content/news_room/newsupdates/2020/sce-sept-5-11-2020-psps-post-event-report.pdf,False,,not_stated,0.51,PDF pages 4;5;14;15;16;204;205,met,1.0,PDF pages 4;5;7;8;9;12;13;14,zero,1.0,PDF pages 4;5;9;10,zero,1.0,PDF pages 4;5;9;10,yes,0.64,PDF pages 4;5;9,252,PDF page 4,2,PDF page 4,Los Angeles; Ventura,2020-09-09 02:37,PDF page 8,2020-09-09 02:37,2020-09-12 08:10,PDF page 4,2020-09-12 08:10,77.55,,1,,mbl_advance_notice:low_confidence canceled_after_notice:low_confidence
sce__2021614sce_post_event_report_final,SCE,2021,"June 14, 2021: SCE PSPS Post Event Report",original,https://www.cpuc.ca.gov/-/media/cpuc-website/divisions/safety-and-enforcement-division/documents/2021614sce-post-event-report-final.pdf,https://www.cpuc.ca.gov/-/media/cpuc-website/divisions/safety-and-enforcement-division/documents/2021614sce-post-event-report-final.pdf,False,,not_applicable,1.0,PDF pages 4;5;8;9;33,not_stated,0.69,PDF pages 4;5;6;7;8;12,zero,0.44,PDF pages 3;4;5;12;13,zero,0.77,PDF pages 3;4;5;12;13,yes,1.0,PDF pages 4;5;7;8;9;11;12,0,PDF page 4,0,PDF page 5,,,,,,,,,,1,,wind_threshold_cited:low_confidence complaints_reported:low_confidence claims_reported:low_confidence
sce__jan_1221_2021_sce_psps_post_event_report,SCE,2021,"Jan 12-21, 2021: SCE PSPS Post Event Report",Amended,https://www.cpuc.ca.gov/-/media/cpuc-website/divisions/safety-and-enforcement-division/reports/psps-post-event-reports/2021/sce-jan-1221-2021-psps-post-event-report-amended.pdf,https://www.cpuc.ca.gov/-/media/cpuc-website/divisions/safety-and-enforcement-division/reports/psps-post-event-reports/2021/jan-1221-2021-sce-psps-post-event-report.pdf,False,,not_stated,0.57,PDF pages 66;77;78,met,1.0,PDF pages 5;6;7;15;16;30;31;33,one_or_more,1.0,PDF pages 10;11,one_or_more,0.99,PDF pages 10,NO_MATCHING_PAGE,,,114341,PDF page 3,8,PDF page 9,Fresno; Kern; Madera; Los Angeles; Orange; Riverside; San Bernardino; Ventura,2021-01-14 04:13,PDF page 8,2021-01-14 04:13,2021-01-21 18:30,PDF page 8,2021-01-21 18:30,182.28,,0,,mbl_advance_notice:low_confidence canceled_after_notice:no_matching_page
sce__r1812005_sce_psps_postevent_report_for_112121,SCE,2021,"Nov. 21, 2021: SCE PSPS Post Event Report",original,https://www.cpuc.ca.gov/-/media/cpuc-website/divisions/safety-and-enforcement-division/reports/psps-post-event-reports/2021/r1812005-sce-psps-postevent-report-for-112121.pdf,https://www.cpuc.ca.gov/-/media/cpuc-website/divisions/safety-and-enforcement-division/reports/psps-post-event-reports/2021/r1812005-sce-psps-postevent-report-for-112121.pdf,False,,all_notified,0.58,PDF pages 9;10;11;23;24;32;33;99,met,0.95,PDF pages 9;10;11;12;13;14;15;22,one_or_more,1.0,PDF pages 9;10;11;41;42;95;96;138,one_or_more,1.0,PDF pages 9;10;11;41;42;43;95;138,yes,1.0,PDF pages 9;10;11;23;31;33;36;37,5235,PDF page 8,4,PDF page 8,Los Angeles; Ventura; San Bernardino; Riverside,2021-11-21 05:41,PDF page 24,2021-11-21 05:41,2021-11-22 13:45,PDF page 24,2021-11-22 13:45,32.07,,7,,mbl_advance_notice:low_confidence
sce__r1812005_sce_psps_postevent_report_for_112421,SCE,2021,"Nov. 24, 2021: SCE PSPS Post Event Report",original,https://www.cpuc.ca.gov/-/media/cpuc-website/divisions/safety-and-enforcement-division/reports/psps-post-event-reports/2021/r1812005-sce-psps-postevent-report-for-112421.pdf,https://www.cpuc.ca.gov/-/media/cpuc-website/divisions/safety-and-enforcement-division/reports/psps-post-event-reports/2021/r1812005-sce-psps-postevent-report-for-112421.pdf,False,,all_notified,0.44,PDF pages 9;10;11;22;23;30;31;39,met,1.0,PDF pages 9;10;11;12;13;15;17;50,one_or_more,1.0,PDF pages 7;9;10;11;39;40;50,one_or_more,1.0,PDF pages 7;9;10;11;19;39;40;41,yes,1.0,PDF pages 9;10;11;21;22;23;35;45,78514,PDF page 22,5,PDF page 22,Los Angeles; Orange; Riverside; San Bernardino; Ventura,2021-11-24 11:58,PDF page 22,2021-11-24 11:58,2021-11-26 19:48,PDF page 22,2021-11-26 19:48,55.83,,6,,mbl_advance_notice:low_confidence
sce__r1812005sce_psps_postevent_report_for_102221,SCE,2021,"Oct. 22, 2021: SCE PSPS Post Event Report",original,https://www.cpuc.ca.gov/-/media/cpuc-website/divisions/safety-and-enforcement-division/reports/psps-post-event-reports/2021/r1812005sce-psps-postevent-report-for-102221.pdf,https://www.cpuc.ca.gov/-/media/cpuc-website/divisions/safety-and-enforcement-division/reports/psps-post-event-reports/2021/r1812005sce-psps-postevent-report-for-102221.pdf,False,,all_notified,0.97,PDF pages 9;10;11;21;22;32;33;40,met,1.0,PDF pages 9;10;11;12;13;14;19;20,one_or_more,1.0,PDF pages 9;10;11;40;41;79;80;94,zero,1.0,PDF pages 9;10;11;40;41;79;80;94,yes,1.0,PDF pages 9;10;11;21;22;27;34;35,112,PDF page 8,1,PDF page 10,Mono,2021-10-22 09:26,PDF page 9,2021-10-22 09:26,2021-10-22 16:29,PDF page 21,2021-10-22 16:29,7.05,,5,,
sce__r1812005sce_psps_postevent_report_for_93021,SCE,2021,"Sept 30, 2021: SCE PSPS Post Event Report",original,https://www.cpuc.ca.gov/-/media/cpuc-website/divisions/safety-and-enforcement-division/reports/psps-post-event-reports/2021/r1812005sce-psps-postevent-report-for-93021.pdf,https://www.cpuc.ca.gov/-/media/cpuc-website/divisions/safety-and-enforcement-division/reports/psps-post-event-reports/2021/r1812005sce-psps-postevent-report-for-93021.pdf,False,,not_applicable,0.5,PDF pages 9;10;20;21;22;23;61;62,met,1.0,PDF pages 9;10;11;12;14;15;16;61,zero,1.0,PDF pages 7;9;10;26;27;61;62,zero,1.0,PDF pages 7;9;10;17;26;27;61;62,not_stated,0.44,PDF pages 9;10;58;61;67,9,PDF page 9,1,PDF page 9,Los Angeles,2021-09-30 06:02,PDF page 9,2021-09-30 06:02,2021-09-30 15:51,PDF page 9,2021-09-30 15:51,9.82,,0,,mbl_advance_notice:low_confidence canceled_after_notice:low_confidence
sce__sce_apr_1213_2021psps_post_event_report,SCE,2021,"April 12-13, 2021: SCE PSPS Post Event Report",original,https://www.cpuc.ca.gov/-/media/cpuc-website/divisions/safety-and-enforcement-division/reports/psps-post-event-reports/2021/sce-apr-1213-2021psps-post-event-report.pdf,https://www.cpuc.ca.gov/-/media/cpuc-website/divisions/safety-and-enforcement-division/reports/psps-post-event-reports/2021/sce-apr-1213-2021psps-post-event-report.pdf,False,,not_stated,0.38,PDF pages 9;34,met,1.0,PDF pages 8;13,zero,0.96,PDF pages 6,zero,0.99,PDF pages 6,NO_MATCHING_PAGE,,,78,PDF page 3,2,PDF page 9,Inyo; Mono,2021-04-13 15:37,PDF page 5,2021-04-13 15:37,2021-04-13 18:29,PDF page 5,2021-04-13 18:29,2.87,,0,,mbl_advance_notice:low_confidence canceled_after_notice:no_matching_page
sce__sce_october_11_2021_psps_post_event_report,SCE,2021,"Oct. 11, 2021: SCE PSPS Post Event Report",original,https://www.cpuc.ca.gov/-/media/cpuc-website/divisions/safety-and-enforcement-division/reports/psps-post-event-reports/2021/sce-october-11-2021-psps-post-event-report.pdf,https://www.cpuc.ca.gov/-/media/cpuc-website/divisions/safety-and-enforcement-division/reports/psps-post-event-reports/2021/sce-october-11-2021-psps-post-event-report.pdf,False,,all_notified,0.4,PDF pages 9;10;21;22;26;27;75;79,met,0.95,PDF pages 9;10;11;12;14;19;20;75,one_or_more,1.0,PDF pages 7;9;10;34;35;75;76;121,zero,1.0,PDF pages 9;10;18;34;35;75;76;121,yes,1.0,PDF pages 9;10;21;22;28;29;75;86,40,PDF page 9,1,PDF page 9,Los Angeles,2021-10-11 15:08,PDF page 22,2021-10-11 15:08,2021-10-12 14:30,PDF page 22,2021-10-12 14:30,23.37,,4,,mbl_advance_notice:low_confidence
sce__sce_october_15_2021_psps_post_event_report,SCE,2021,"Oct. 15, 2021: SCE PSPS Post Event Report",original,https://www.cpuc.ca.gov/-/media/cpuc-website/divisions/safety-and-enforcement-division/reports/psps-post-event-reports/2021/sce-october-15-2021-psps-post-event-report.pdf,https://www.cpuc.ca.gov/-/media/cpuc-website/divisions/safety-and-enforcement-division/reports/psps-post-event-reports/2021/sce-october-15-2021-psps-post-event-report.pdf,False,,all_notified,0.45,PDF pages 9;10;11;21;26;27;88;89,met,0.96,PDF pages 9;10;11;12;13;14;19;20,one_or_more,1.0,PDF pages 9;10;11;34;35;75;76;121,zero,1.0,PDF pages 9;10;11;34;35;75;76;121,yes,1.0,PDF pages 9;10;11;21;27;28;29;87,67,PDF page 8,2,PDF page 22,Riverside; Los Angeles,2021-10-15 06:41,PDF page 22,2021-10-15 06:41,2021-10-16 08:57,PDF page 22,2021-10-16 08:57,26.27,,4,,mbl_advance_notice:low_confidence
sce__sce_october_16_18_2021_psps_post_event_report,SCE,2021,"Oct. 16-18, 2021: SCE PSPS Post Event Report",original,https://www.cpuc.ca.gov/-/media/cpuc-website/divisions/safety-and-enforcement-division/reports/psps-post-event-reports/2021/sce-october-16-18-2021-psps-post-event-report.pdf,https://www.cpuc.ca.gov/-/media/cpuc-website/divisions/safety-and-enforcement-division/reports/psps-post-event-reports/2021/sce-october-16-18-2021-psps-post-event-report.pdf,False,,not_applicable,1.0,PDF pages 5;6;7;18;22;23;24;28,not_stated,0.75,PDF pages 5;6;7;8;9;10;16;17,one_or_more,1.0,PDF pages 3;5;6;7;28;29,not_stated,0.28,PDF pages 3;5;6;7;14;28;29,yes,1.0,PDF pages 4;5;6;7;18;22;29;30,0,PDF page 4,0,PDF page 6,,,,,,,,,,5,,wind_threshold_cited:low_confidence claims_reported:low_confidence
sce__r1812005_sce_psps_post_event_report_for_10_22_22_high_threat_event,SCE,2022,"October 22, 2022: SCE PSPS Post Event Report",original,https://www.cpuc.ca.gov/-/media/cpuc-website/divisions/safety-and-enforcement-division/reports/psps-post-event-reports/2022/r1812005-sce-psps-post-event-report-for-10-22-22-high-threat-event.pdf,https://www.cpuc.ca.gov/-/media/cpuc-website/divisions/safety-and-enforcement-division/reports/psps-post-event-reports/2022/r1812005-sce-psps-post-event-report-for-10-22-22-high-threat-event.pdf,False,,not_applicable,1.0,PDF pages 8;9;10;21;22;26;27;70,not_stated,0.78,PDF pages 8;9;10;11;12;13;19;20,one_or_more,1.0,PDF pages 8;9;10;32;33;69;70;105,zero,1.0,PDF pages 8;9;10;32;33;69;70;105,yes,1.0,PDF pages 8;9;10;11;20;21;28;33,0,PDF page 8,0,PDF page 9,,,,,,,,,,3,,wind_threshold_cited:low_confidence
sce__r1812005_sce_psps_post_event_report_for_11_19_22_de_energization_event,SCE,2022,"November 19, 2022: SCE PSPS Post Event Report",original,https://www.cpuc.ca.gov/-/media/cpuc-website/divisions/safety-and-enforcement-division/reports/psps-post-event-reports/2022/r1812005-sce-psps-post-event-report-for-11-19-22-de-energization-event.pdf,https://www.cpuc.ca.gov/-/media/cpuc-website/divisions/safety-and-enforcement-division/reports/psps-post-event-reports/2022/r1812005-sce-psps-post-event-report-for-11-19-22-de-energization-event.pdf,False,,some_not_notified,0.54,PDF pages 8;9;20;21;27;28;35,met,0.99,PDF pages 8;9;10;11;12;13;18;19,one_or_more,1.0,PDF pages 6;8;9;35;36,one_or_more,0.98,PDF pages 6;8;9;16;35;36;37,yes,1.0,PDF pages 8;9;19;20;26;27;29;30,5373,PDF page 8,2,PDF page 8,Los Angeles; Ventura,2022-11-19 08:13,PDF page 21,2022-11-19 08:13,2022-11-20 09:55,PDF page 21,2022-11-20 09:55,25.7,,3,,mbl_advance_notice:low_confidence
sce__r1812005_sce_psps_post_event_report_for_11_24_22_de_energization_event,SCE,2022,"November 24, 2022: SCE PSPS Post Event Report",original,https://www.cpuc.ca.gov/-/media/cpuc-website/divisions/safety-and-enforcement-division/reports/psps-post-event-reports/2022/r1812005-sce-psps-post-event-report-for-11-24-22-de-energization-event.pdf,https://www.cpuc.ca.gov/-/media/cpuc-website/divisions/safety-and-enforcement-division/reports/psps-post-event-reports/2022/r1812005-sce-psps-post-event-report-for-11-24-22-de-energization-event.pdf,False,,all_notified,0.32,PDF pages 8;9;10;21;22;29;30;38,met,0.86,PDF pages 8;9;10;11;12;13;18;19,one_or_more,1.0,PDF pages 6;8;9;10;38;39,one_or_more,1.0,PDF pages 6;8;9;10;17;38;39;40,yes,1.0,PDF pages 8;9;10;19;20;21;34;49,10195,PDF page 8,3,PDF page 8,Los Angeles; Riverside; Ventura,2022-11-24 06:30,PDF page 22,2022-11-24 06:30,2022-11-27 12:07,PDF page 40,2022-11-27 12:07,77.62,,4,,mbl_advance_notice:low_confidence wind_threshold_cited:low_confidence
sce__r1812005_sce_psps_post_event_report_for_9_9_22,SCE,2022,"September 7-9, 2022: SCE Post Event Report",original,https://www.cpuc.ca.gov/-/media/cpuc-website/divisions/safety-and-enforcement-division/reports/psps-post-event-reports/2022/r1812005-sce-psps-post-event-report-for-9-9-22.pdf,https://www.cpuc.ca.gov/-/media/cpuc-website/divisions/safety-and-enforcement-division/reports/psps-post-event-reports/2022/r1812005-sce-psps-post-event-report-for-9-9-22.pdf,False,,not_applicable,0.5,PDF pages 65;66;118,not_stated,0.94,PDF pages 63;65;66;67;68;69,one_or_more,1.0,PDF pages 65;66;118;119,not_stated,0.99,PDF pages 65;66;118;119,no,0.53,PDF pages 65;66;67;74;75,0,PDF page 9,0,PDF page 9,,,,,,,,,,0,,mbl_advance_notice:low_confidence canceled_after_notice:low_confidence
sce__sce_psps_post_event_report_for_06_15_22,SCE,2022,"June 15, 2022: SCE PSPS Post Event Report",original,https://www.cpuc.ca.gov/-/media/cpuc-website/divisions/safety-and-enforcement-division/reports/psps-post-event-reports/2022/sce-psps-post-event-report-for-06-15-22.pdf,https://www.cpuc.ca.gov/-/media/cpuc-website/divisions/safety-and-enforcement-division/reports/psps-post-event-reports/2022/sce-psps-post-event-report-for-06-15-22.pdf,False,,not_applicable,1.0,PDF pages 8;9;10;19;26;27,not_met,0.35,PDF pages 8;9;10;11;13;14;18;19,zero,1.0,PDF pages 6;8;9;10;33;34;68;69,zero,1.0,PDF pages 8;9;10;16;33;34;68;69,yes,1.0,PDF pages 7;8;9;10;19;26;28;34,0,PDF page 7,0,PDF page 7,,,,,,,,,,2,,wind_threshold_cited:low_confidence
sce__wildfire_072222_scepspsposteventreport,SCE,2022,"July 22-23, 2022: SCE PSPS Post Event Report",original,https://www.cpuc.ca.gov/-/media/cpuc-website/divisions/safety-and-enforcement-division/reports/psps-post-event-reports/2022/wildfire_072222_scepspsposteventreport.pdf,https://www.cpuc.ca.gov/-/media/cpuc-website/divisions/safety-and-enforcement-division/reports/psps-post-event-reports/2022/wildfire_072222_scepspsposteventreport.pdf,False,,all_notified,0.88,PDF pages 5;6;7;16;17;22;23;29,met,1.0,PDF pages 5;6;7;8;9;10;11;12,one_or_more,1.0,PDF pages 3;5;6;7;29;30,zero,1.0,PDF pages 3;5;6;7;14;29;30,yes,1.0,PDF pages 5;6;7;16;24;25;26;33,209,PDF page 4,2,PDF page 16,Kern County; Los Angeles County,2022-07-22 08:13,PDF page 16,2022-07-22 08:13,2022-07-23 15:06,PDF page 16,2022-07-23 15:06,30.88,,2,,mbl_advance_notice:low_confidence
sce__20231029_sce_psps_post_event_reportdeenergizedfinal,SCE,2023,"October 29, 2023: SCE PSPS Post-Event Report",original,https://www.cpuc.ca.gov/-/media/cpuc-website/divisions/safety-and-enforcement-division/reports/psps-post-event-reports/2023/20231029-sce-psps-post-event-reportdeenergizedfinal.pdf,https://www.cpuc.ca.gov/-/media/cpuc-website/divisions/safety-and-enforcement-division/reports/psps-post-event-reports/2023/20231029-sce-psps-post-event-reportdeenergizedfinal.pdf,False,https://www.cpuc.ca.gov/-/media/cpuc-website/divisions/safety-and-enforcement-division/reports/psps-post-event-reports/2023/r1812005sce-amendment-to-psps-post-event-report-for-102923-deenergization-event-1.pdf ; https://www.cpuc.ca.gov/-/media/cpuc-website/divisions/safety-and-enforcement-division/reports/psps-post-event-reports/2023/r1812005-sce-corrections-to-2023-psps-post-event-reports.pdf,all_notified,0.56,PDF pages 5;6;7;19;20;26;27;28,met,0.97,PDF pages 5;6;7;8;10;11;17;18,one_or_more,1.0,PDF pages 3;5;6;7;38;39,one_or_more,1.0,PDF pages 3;5;6;7;38;39,yes,1.0,PDF pages 5;6;7;18;19;25;26;34,25504,PDF page 4,5,PDF page 5,Los Angeles; Orange; Riverside; San Bernardino; Ventura,2023-10-29 06:31,PDF page 4,2023-10-29 06:31,2023-11-02 09:08,PDF page 39,2023-11-02 09:08,98.62,,5,,mbl_advance_notice:low_confidence event:conflicting_sources
sce__r1812005_sce_psps_post_event_report_for_11_20_23_de_energization_event,SCE,2023,"November 20, 2023: SCE PSPS Post-Event Report",original,https://www.cpuc.ca.gov/-/media/cpuc-website/divisions/safety-and-enforcement-division/reports/psps-post-event-reports/2023/r1812005-sce-psps-post-event-report-for-11-20-23-de-energization-event.pdf,https://www.cpuc.ca.gov/-/media/cpuc-website/divisions/safety-and-enforcement-division/reports/psps-post-event-reports/2023/r1812005-sce-psps-post-event-report-for-11-20-23-de-energization-event.pdf,False,https://www.cpuc.ca.gov/-/media/cpuc-website/divisions/safety-and-enforcement-division/reports/psps-post-event-reports/2023/r1812005-sce-corrections-to-2023-psps-post-event-reports.pdf,all_notified,0.56,PDF pages 8;9;10;21;22;28;29;30,met,1.0,PDF pages 8;9;10;11;13;14;19;20,one_or_more,1.0,PDF pages 6;8;9;10;38;39,one_or_more,1.0,PDF pages 6;8;9;10;38;39,yes,1.0,PDF pages 8;9;10;20;21;27;28;34,2780,PDF page 8,3,PDF page 8,Los Angeles; Orange; Ventura,2023-11-20 06:18,PDF page 22,2023-11-20 06:18,2023-11-21 10:14,PDF page 22,2023-11-21 10:14,27.93,,5,,mbl_advance_notice:low_confidence event:conflicting_sources
sce__r1812005_sce_psps_post_event_report_for_11_26_23_high_threat_event,SCE,2023,"November 26, 2023: SCE PSPS Post-Event Report",original,https://www.cpuc.ca.gov/-/media/cpuc-website/divisions/safety-and-enforcement-division/reports/psps-post-event-reports/2023/r1812005-sce-psps-post-event-report-for-11-26-23-high-threat-event.pdf,https://www.cpuc.ca.gov/-/media/cpuc-website/divisions/safety-and-enforcement-division/reports/psps-post-event-reports/2023/r1812005-sce-psps-post-event-report-for-11-26-23-high-threat-event.pdf,False,https://www.cpuc.ca.gov/-/media/cpuc-website/divisions/safety-and-enforcement-division/reports/psps-post-event-reports/2023/r1812005-sce-corrections-to-2023-psps-post-event-reports.pdf,not_applicable,1.0,PDF pages 8;9;19;20;23;24;30;68,not_stated,0.63,PDF pages 8;9;10;11;12;17;18;68,one_or_more,1.0,PDF pages 6;8;9;30;31;68;69;83,zero,1.0,PDF pages 8;9;16;30;31;68;69;83,yes,1.0,PDF pages 7;8;9;10;19;27;31;68,0,PDF page 7,0,PDF page 7,,,,,,,,,,4,,wind_threshold_cited:low_confidence event:conflicting_sources
sce__r1812005_sce_psps_post_event_report_for_12_9_23_de_energization_event,SCE,2023,"December 8, 2023: SCE PSPS Post-Event Report",original,https://www.cpuc.ca.gov/-/media/cpuc-website/divisions/safety-and-enforcement-division/reports/psps-post-event-reports/2023/r1812005-sce-psps-post-event-report-for-12-9-23-de-energization-event.pdf,https://www.cpuc.ca.gov/-/media/cpuc-website/divisions/safety-and-enforcement-division/reports/psps-post-event-reports/2023/r1812005-sce-psps-post-event-report-for-12-9-23-de-energization-event.pdf,False,https://www.cpuc.ca.gov/-/media/cpuc-website/divisions/safety-and-enforcement-division/reports/psps-post-event-reports/2023/r1812005-sce-corrections-to-2023-psps-post-event-reports.pdf,all_notified,0.34,PDF pages 8;9;10;22;23;28;29;50,met,1.0,PDF pages 8;9;10;11;13;14;20;21,one_or_more,1.0,PDF pages 6;8;9;10;38;39;40,one_or_more,1.0,PDF pages 6;8;9;10;38;39;40,yes,1.0,PDF pages 8;9;10;20;21;22;27;34,5311,PDF page 7,5,PDF page 8,Los Angeles; Orange; Riverside; San Bernardino; Ventura,,,,2023-12-11 09:28,PDF page 21,2023-12-11 09:28,,,3,,mbl_advance_notice:low_confidence event:conflicting_sources
sce__r1812005_sce_psps_postevent_report_for_11092023_deenergization_event,SCE,2023,"November 8, 2023: SCE PSPS Post-Event Report",original,https://www.cpuc.ca.gov/-/media/cpuc-website/divisions/safety-and-enforcement-division/reports/psps-post-event-reports/2023/r1812005-sce-psps-postevent-report-for-11092023-deenergization-event.pdf,https://www.cpuc.ca.gov/-/media/cpuc-website/divisions/safety-and-enforcement-division/reports/psps-post-event-reports/2023/r1812005-sce-psps-postevent-report-for-11092023-deenergization-event.pdf,False,https://www.cpuc.ca.gov/-/media/cpuc-website/divisions/safety-and-enforcement-division/reports/psps-post-event-reports/2023/r1812005-sce-corrections-to-2023-psps-post-event-reports.pdf,some_not_notified,0.37,PDF pages 7;8;19;20;26;27;35;47,met,0.98,PDF pages 7;8;9;10;11;12;17;18,one_or_more,1.0,PDF pages 7;8;34;35;36,zero,1.0,PDF pages 7;8;15;34;35;36,yes,1.0,PDF pages 7;8;18;19;25;30;31;32,338,PDF page 6,2,PDF page 7,Los Angeles; San Bernardino,2023-11-09 00:38,PDF page 20,2023-11-09 00:38,2023-11-10 09:27,PDF page 20,2023-11-10 09:27,32.82,,2,,mbl_advance_notice:low_confidence event:conflicting_sources
sce__sce_psps_post_event_report_10_11_2023_event,SCE,2023,"October 11, 2023: SCE PSPS Post-Event Report",original,https://www.cpuc.ca.gov/-/media/cpuc-website/divisions/safety-and-enforcement-division/reports/psps-post-event-reports/2023/sce-psps-post-event-report-10-11-2023-event.pdf,https://www.cpuc.ca.gov/-/media/cpuc-website/divisions/safety-and-enforcement-division/reports/psps-post-event-reports/2023/sce-psps-post-event-report-10-11-2023-event.pdf,False,https://www.cpuc.ca.gov/-/media/cpuc-website/divisions/safety-and-enforcement-division/reports/psps-post-event-reports/2023/r1812005-sce-corrections-to-2023-psps-post-event-reports.pdf,not_applicable,1.0,PDF pages 8;9;19;22;23;32;39;62,not_stated,0.48,PDF pages 8;9;10;11;12;17;18;62,one_or_more,1.0,PDF pages 6;8;9;31;32;33;62;93,zero,1.0,PDF pages 8;9;16;31;32;33;62;93,yes,1.0,PDF pages 7;8;9;10;19;28;35;62,0,PDF page 8,0,PDF page 8,,,,,,,,,,4,,wind_threshold_cited:low_confidence event:conflicting_sources
sce__sce_psps_post_event_report_7_11_2023_event,SCE,2023,"July 11, 2023: SCE PSPS Post-Event Report",original,https://www.cpuc.ca.gov/-/media/cpuc-website/divisions/safety-and-enforcement-division/reports/psps-post-event-reports/2023/sce-psps-post-event-report-7-11-2023-event.pdf,https://www.cpuc.ca.gov/-/media/cpuc-website/divisions/safety-and-enforcement-division/reports/psps-post-event-reports/2023/sce-psps-post-event-report-7-11-2023-event.pdf,False,https://www.cpuc.ca.gov/-/media/cpuc-website/divisions/safety-and-enforcement-division/reports/psps-post-event-reports/2023/r1812005-sce-corrections-to-2023-psps-post-event-reports.pdf,not_applicable,0.63,PDF pages 8;9;20;21;26;27;43;46,met,0.94,PDF pages 8;9;10;11;12;13;18;19,zero,1.0,PDF pages 6;8;9;32;33,zero,1.0,PDF pages 6;8;9;16;32;33,not_stated,0.21,PDF pages 8;9;19;20;24;26;27;28,5,PDF page 21,1,PDF page 21,Los Angeles,2023-07-11 18:34,PDF page 21,2023-07-11 18:34,2023-07-13 08:23,PDF page 21,2023-07-13 08:23,37.82,,2,,mbl_advance_notice:low_confidence canceled_after_notice:low_confidence event:conflicting_sources
sce__sce_psps_post_event_report_7_18_2023_event,SCE,2023,"July 18, 2023: SCE PSPS Post-Event Report",original,https://www.cpuc.ca.gov/-/media/cpuc-website/divisions/safety-and-enforcement-division/reports/psps-post-event-reports/2023/sce-psps-post-event-report-7-18-2023-event.pdf,https://www.cpuc.ca.gov/-/media/cpuc-website/divisions/safety-and-enforcement-division/reports/psps-post-event-reports/2023/sce-psps-post-event-report-7-18-2023-event.pdf,False,https://www.cpuc.ca.gov/-/media/cpuc-website/divisions/safety-and-enforcement-division/reports/psps-post-event-reports/2023/r1812005-sce-corrections-to-2023-psps-post-event-reports.pdf,not_applicable,1.0,PDF pages 8;9;19;22;23;35;38;60,not_stated,0.78,PDF pages 8;9;10;12;17;18;29;60,zero,1.0,PDF pages 6;8;9;28;29;60;61,zero,1.0,PDF pages 6;8;9;15;28;29;60;61,yes,1.0,PDF pages 7;8;9;10;18;25;28;60,0,PDF page 7,0,PDF page 7,,,,,,,,,,3,,wind_threshold_cited:low_confidence event:conflicting_sources
sce__20240808sce_psps_post_event_reportdeenergizedfinal,SCE,2024,"August 8, 2024: SCE PSPS Post-Event Repot",original,https://www.cpuc.ca.gov/-/media/cpuc-website/divisions/safety-and-enforcement-division/reports/psps-post-event-reports/2024/20240808sce-psps-post-event-reportdeenergizedfinal.pdf,https://www.cpuc.ca.gov/-/media/cpuc-website/divisions/safety-and-enforcement-division/reports/psps-post-event-reports/2024/20240808sce-psps-post-event-reportdeenergizedfinal.pdf,False,,all_notified,0.86,PDF pages 5;6;7;19;23;24;30;39,met,0.78,PDF pages 5;6;7;8;9;10;12;17,one_or_more,1.0,PDF pages 3;5;6;7;29;30;31,zero,1.0,PDF pages 3;5;6;7;16;29;30;31,yes,1.0,PDF pages 5;6;7;18;19;22;25;26,21,PDF page 4,3,PDF page 5,Kern; Los Angeles; San Bernardino,2024-08-08 14:35,PDF page 19,2024-08-08 14:35,2024-08-18 12:21,PDF page 19,2024-08-18 12:21,237.77,,3,,mbl_advance_notice:low_confidence wind_threshold_cited:low_confidence
sce__20241217sce_psps_post_event_reportdeenergized_final,SCE,2024,"December 14, 2024: SCE PSPS Post-Event Report",original,https://www.cpuc.ca.gov/-/media/cpuc-website/divisions/safety-and-enforcement-division/reports/psps-post-event-reports/2024/20241217sce-psps-post-event-reportdeenergized-final.pdf,https://www.cpuc.ca.gov/-/media/cpuc-website/divisions/safety-and-enforcement-division/reports/psps-post-event-reports/2024/20241217sce-psps-post-event-reportdeenergized-final.pdf,False,,all_notified,0.36,PDF pages 5;6;7;18;23;24;31;42,met,0.88,PDF pages 5;6;7;8;10;15;16;37,one_or_more,0.99,PDF pages 3;5;6;7;30;31;32,zero,1.0,PDF pages 3;5;6;7;14;30;31;32,yes,1.0,PDF pages 4;5;6;7;16;17;23;27,1007,PDF page 4,4,PDF page 5,Los Angeles; Riverside; San Bernardino; Ventura,,,,2024-12-19 15:30,PDF page 17,2024-12-19 15:30,,,5,,mbl_advance_notice:low_confidence wind_threshold_cited:low_confidence
sce__r1812005_sce_psps_post_event_for_august_24_2024,SCE,2024,"August 23, 2024: SCE PSPS Post-Event Report",original,https://www.cpuc.ca.gov/-/media/cpuc-website/divisions/safety-and-enforcement-division/reports/psps-post-event-reports/2024/r1812005-sce-psps-post-event-for-august-24-2024.pdf,https://www.cpuc.ca.gov/-/media/cpuc-website/divisions/safety-and-enforcement-division/reports/psps-post-event-reports/2024/r1812005-sce-psps-post-event-for-august-24-2024.pdf,False,,all_notified,0.9,PDF pages 9;10;11;22;26;27;32;41,met,1.0,PDF pages 9;10;11;12;14;16;20;21,one_or_more,1.0,PDF pages 9;10;11;32;33;70;71;80,zero,1.0,PDF pages 9;10;11;32;33;34;70;80,yes,1.0,PDF pages 9;10;11;21;22;27;28;29,3,PDF page 8,1,PDF page 22,Inyo,2024-08-24 11:57,PDF page 22,2024-08-24 11:57,2024-08-24 19:00,PDF page 22,2024-08-24 19:00,7.05,,4,,
sce__r1812005_sce_psps_post_event_for_december_5_2024_high_threat,SCE,2024,"December 5, 2024: SCE PSPS Post-Event Report",original,https://www.cpuc.ca.gov/-/media/cpuc-website/divisions/safety-and-enforcement-division/reports/psps-post-event-reports/2024/r1812005-sce-psps-post-event-for-december-5-2024-high-threat.pdf,https://www.cpuc.ca.gov/-/media/cpuc-website/divisions/safety-and-enforcement-division/reports/psps-post-event-reports/2024/r1812005-sce-psps-post-event-for-december-5-2024-high-threat.pdf,False,,not_applicable,1.0,PDF pages 8;9;10;22;23;29;48;49,not_stated,0.81,PDF pages 8;9;10;11;12;13;63;64,one_or_more,1.0,PDF pages 8;9;10;28;29;30;67;71,zero,1.0,PDF pages 8;9;10;28;29;30;67;71,yes,1.0,PDF pages 8;9;10;13;21;26;29;32,0,PDF page 8,0,PDF page 9,,,,,,,,,,3,,wind_threshold_cited:low_confidence
sce__r1812005_sce_psps_post_event_for_december_9_2024_de_energization,SCE,2024,"December 9, 2024: SCE PSPS Post-Event Report",original,https://www.cpuc.ca.gov/-/media/cpuc-website/divisions/safety-and-enforcement-division/reports/psps-post-event-reports/2024/r1812005-sce-psps-post-event-for-december-9-2024-de-energization.pdf,https://www.cpuc.ca.gov/-/media/cpuc-website/divisions/safety-and-enforcement-division/reports/psps-post-event-reports/2024/r1812005-sce-psps-post-event-for-december-9-2024-de-energization.pdf,False,,some_not_notified,0.58,PDF pages 8;9;10;21;25;26;27;43,met,0.73,PDF pages 8;9;10;11;13;18;19;42,one_or_more,1.0,PDF pages 6;8;9;10;34;35;78;98,one_or_more,1.0,PDF pages 8;9;10;17;34;35;78;98,yes,1.0,PDF pages 8;9;10;19;20;25;40;43,51105,PDF page 7,7,PDF page 7,Kern; Los Angeles; Orange; Riverside; San Bernardino; San Diego; Ventura,2024-12-09 16:39,PDF page 83,2024-12-09 16:39,2024-12-13 08:19,PDF page 83,2024-12-13 08:19,87.67,,5,,mbl_advance_notice:low_confidence wind_threshold_cited:low_confidence
sce__r1812005_sce_psps_post_event_for_july_19_2024_high_threat,SCE,2024,"July 21, 2024: SCE PSPS Post-Event Report",original,https://www.cpuc.ca.gov/-/media/cpuc-website/divisions/safety-and-enforcement-division/reports/psps-post-event-reports/2024/r1812005-sce-psps-post-event-for-july-19-2024-high-threat.pdf,https://www.cpuc.ca.gov/-/media/cpuc-website/divisions/safety-and-enforcement-division/reports/psps-post-event-reports/2024/r1812005-sce-psps-post-event-for-july-19-2024-high-threat.pdf,False,,not_applicable,1.0,PDF pages 9;10;11;23;24;35,not_met,0.28,PDF pages 9;10;11;12;13;14;19;62,zero,1.0,PDF pages 7;9;10;11;29;30;66;67,zero,1.0,PDF pages 9;10;11;17;29;30;66;67,yes,1.0,PDF pages 9;10;11;14;22;26;30;31,0,PDF page 9,0,PDF page 10,,,,,,,,,,3,,wind_threshold_cited:low_confidence
sce__r1812005_sce_psps_post_event_for_july_26_2024_high_threat,SCE,2024,"July 26, 2024: SCE PSPS Post-Event Report",original,https://www.cpuc.ca.gov/-/media/cpuc-website/divisions/safety-and-enforcement-division/reports/psps-post-event-reports/2024/r1812005-sce-psps-post-event-for-july-26-2024-high-threat.pdf,https://www.cpuc.ca.gov/-/media/cpuc-website/divisions/safety-and-enforcement-division/reports/psps-post-event-reports/2024/r1812005-sce-psps-post-event-for-july-26-2024-high-threat.pdf,False,,not_applicable,1.0,PDF pages 9;10;21;22;23;28;33;64,not_stated,0.37,PDF pages 9;10;11;13;18;60;61;64,one_or_more,1.0,PDF pages 7;9;10;27;28;29;64;68,zero,1.0,PDF pages 9;10;16;27;28;29;64;68,yes,1.0,PDF pages 9;10;11;14;21;24;28;64,0,PDF page 9,0,PDF page 9,,,,,,,,,,3,,wind_threshold_cited:low_confidence
sce__r1812005_sce_psps_post_event_for_october_1_2024_de_energization,SCE,2024,"October 2, 2024: SCE PSPS Post-Event Report",original,https://www.cpuc.ca.gov/-/media/cpuc-website/divisions/safety-and-enforcement-division/reports/psps-post-event-reports/2024/r1812005-sce-psps-post-event-for-october-1-2024-de-energization.pdf,https://www.cpuc.ca.gov/-/media/cpuc-website/divisions/safety-and-enforcement-division/reports/psps-post-event-reports/2024/r1812005-sce-psps-post-event-for-october-1-2024-de-energization.pdf,False,,not_stated,0.99,PDF pages 73;74;78,NO_MATCHING_PAGE,,PDF pages 73;74,one_or_more,1.0,PDF pages 73;74;78;79,not_stated,0.97,PDF pages 73;74;78;79,yes,0.48,PDF pages 73;74;75,15,PDF page 8,2,PDF page 8,Fresno; Madera,,,,,,,,,0,,wind_threshold_cited:no_matching_page canceled_after_notice:low_confidence
sce__r1812005_sce_psps_post_event_for_october_17_2024_de_energization,SCE,2024,"October 17, 2024: SCE PSPS Post-Event Report",original,https://www.cpuc.ca.gov/-/media/cpuc-website/divisions/safety-and-enforcement-division/reports/psps-post-event-reports/2024/r1812005-sce-psps-post-event-for-october-17-2024-de-energization.pdf,https://www.cpuc.ca.gov/-/media/cpuc-website/divisions/safety-and-enforcement-division/reports/psps-post-event-reports/2024/r1812005-sce-psps-post-event-for-october-17-2024-de-energization.pdf,False,,some_not_notified,1.0,PDF pages 8;9;10;21;25;26;40;45,met,0.91,PDF pages 8;9;10;11;18;67;77;78,one_or_more,1.0,PDF pages 8;9;10;32;33;34;76;140,one_or_more,1.0,PDF pages 8;9;10;32;33;34;76;140,yes,1.0,PDF pages 8;9;10;19;20;25;29;53,11381,PDF page 8,6,PDF page 8,Inyo; Los Angeles; Mono; Orange; Riverside; San Bernardino,2024-10-17 17:10,PDF page 81,2024-10-17 17:10,2024-10-19 19:36,PDF page 81,2024-10-19 19:36,50.43,,4,,
sce__r1812005_sce_psps_post_event_for_october_27_2024_de_energization,SCE,2024,"October 27, 2024: SCE PSPS Post-Event Report",original,https://www.cpuc.ca.gov/-/media/cpuc-website/divisions/safety-and-enforcement-division/reports/psps-post-event-reports/2024/r1812005-sce-psps-post-event-for-october-27-2024-de-energization.pdf,https://www.cpuc.ca.gov/-/media/cpuc-website/divisions/safety-and-enforcement-division/reports/psps-post-event-reports/2024/r1812005-sce-psps-post-event-for-october-27-2024-de-energization.pdf,False,,all_notified,0.73,PDF pages 9;10;11;22;27;28;42;43,met,0.87,PDF pages 9;10;11;12;14;19;20;39,one_or_more,1.0,PDF pages 9;10;11;33;34;35;72;85,zero,1.0,PDF pages 9;10;11;33;34;35;72;85,yes,1.0,PDF pages 9;10;11;20;21;26;29;30,89,PDF page 9,2,PDF page 9,Inyo; San Bernardino,2024-10-27 19:37,PDF page 22,2024-10-27 19:37,2024-10-29 10:00,PDF page 22,2024-10-29 10:00,38.38,,4,,mbl_advance_notice:low_confidence wind_threshold_cited:low_confidence
sce__r1812005_sce_psps_post_event_for_october_8_2024_high_threat,SCE,2024,"October 9, 2024: SCE PSPS Post-Event Report",original,https://www.cpuc.ca.gov/-/media/cpuc-website/divisions/safety-and-enforcement-division/reports/psps-post-event-reports/2024/r1812005-sce-psps-post-event-for-october-8-2024-high-threat.pdf,https://www.cpuc.ca.gov/-/media/cpuc-website/divisions/safety-and-enforcement-division/reports/psps-post-event-reports/2024/r1812005-sce-psps-post-event-for-october-8-2024-high-threat.pdf,False,,not_applicable,1.0,PDF pages 8;9;10;22;23;29;36;37,not_stated,0.69,PDF pages 8;9;10;11;12;13;67;68,one_or_more,1.0,PDF pages 6;8;9;10;29;30,zero,1.0,PDF pages 6;8;9;10;16;29;30,yes,1.0,PDF pages 8;9;10;13;19;22;26;32,0,PDF page 8,0,PDF page 9,,,,,,,,,,4,,wind_threshold_cited:low_confidence
sce__r1812005_sce_psps_post_event_report_for_9_15_24_high_threat_event,SCE,2024,"September 15, 2024: SCE PSPS Post-Event Report",original,https://www.cpuc.ca.gov/-/media/cpuc-website/divisions/safety-and-enforcement-division/reports/psps-post-event-reports/2024/r1812005-sce-psps-post-event-report-for-9-15-24-high-threat-event.pdf,https://www.cpuc.ca.gov/-/media/cpuc-website/divisions/safety-and-enforcement-division/reports/psps-post-event-reports/2024/r1812005-sce-psps-post-event-report-for-9-15-24-high-threat-event.pdf,False,,not_applicable,1.0,PDF pages 8;9;21;22;33;34;62,not_stated,0.48,PDF pages 8;9;10;11;12;58;59;62,zero,1.0,PDF pages 6;8;9;27;28;62;63,zero,1.0,PDF pages 6;8;9;16;27;28;29;62,yes,1.0,PDF pages 8;9;10;13;21;28;31;62,0,PDF page 8,0,PDF page 8,,,,,,,,,,3,,wind_threshold_cited:low_confidence
sce__r1812005_sce_psps_post_event_report_for_9_7_24_de_energization_event,SCE,2024,"September 7, 2024: SCE PSPS Post-Event Report",original,https://www.cpuc.ca.gov/-/media/cpuc-website/divisions/safety-and-enforcement-division/reports/psps-post-event-reports/2024/r1812005-sce-psps-post-event-report-for-9-7-24-de-energization-event.pdf,https://www.cpuc.ca.gov/-/media/cpuc-website/divisions/safety-and-enforcement-division/reports/psps-post-event-reports/2024/r1812005-sce-psps-post-event-report-for-9-7-24-de-energization-event.pdf,False,,all_notified,0.43,PDF pages 8;9;10;22;23;27;28;45,met,1.0,PDF pages 8;9;10;11;13;14;20;21,one_or_more,1.0,PDF pages 6;8;9;10;34;35,zero,1.0,PDF pages 6;8;9;10;18;34;35,yes,1.0,PDF pages 8;9;10;21;22;26;29;31,488,PDF page 8,3,PDF page 8,Los Angeles; San Bernardino; Santa Barbara,2024-09-07 22:14,PDF page 8,2024-09-07 22:14,2024-09-11 11:51,PDF page 35,2024-09-11 11:51,85.62,,5,,mbl_advance_notice:low_confidence
sce__r1812005sce_psps_post_event_report_for_61424_high_threat_event,SCE,2024,"June 14, 2024: SCE PSPS Post-Event Report",original,https://www.cpuc.ca.gov/-/media/cpuc-website/divisions/safety-and-enforcement-division/reports/psps-post-event-reports/2024/r1812005sce-psps-post-event-report-for-61424-high-threat-event.pdf,https://www.cpuc.ca.gov/-/media/cpuc-website/divisions/safety-and-enforcement-division/reports/psps-post-event-reports/2024/r1812005sce-psps-post-event-report-for-61424-high-threat-event.pdf,False,,not_applicable,1.0,PDF pages 8;9;10;21;22;27;33;68,not_met,0.29,PDF pages 8;9;10;11;13;17;30;55,one_or_more,1.0,PDF pages 8;9;10;26;27;28;64;68,zero,1.0,PDF pages 8;9;10;26;27;28;64;68,yes,1.0,PDF pages 7;8;9;10;13;20;23;27,0,PDF page 7,0,PDF page 9,,,,,,,,,,4,,wind_threshold_cited:low_confidence
sce__r1812005sce_psps_postevent_for_december_26_2024_highthreat,SCE,2024,"December 26, 2024: SCE PSPS Post-Event Report",original,https://www.cpuc.ca.gov/-/media/cpuc-website/divisions/safety-and-enforcement-division/reports/psps-post-event-reports/2024/r1812005sce-psps-postevent-for-december-26-2024-highthreat.pdf,https://www.cpuc.ca.gov/-/media/cpuc-website/divisions/safety-and-enforcement-division/reports/psps-post-event-reports/2024/r1812005sce-psps-postevent-for-december-26-2024-highthreat.pdf,False,,not_applicable,1.0,PDF pages 8;9;21;22;27;32;63;67,not_stated,0.72,PDF pages 8;9;10;11;12;59;60;63,one_or_more,1.0,PDF pages 6;8;9;27;28;63;64;67,zero,1.0,PDF pages 8;9;15;27;28;63;64;67,yes,1.0,PDF pages 8;9;10;12;20;24;28;63,0,PDF page 8,0,PDF page 8,,,,,,,,,,2,,wind_threshold_cited:low_confidence
sce__r1812005sce_psps_postevent_for_december_31_2024_highthreat,SCE,2024,"December 31, 2024: SCE PSPS Post-Event Report",original,https://www.cpuc.ca.gov/-/media/cpuc-website/divisions/safety-and-enforcement-division/reports/psps-post-event-reports/2024/r1812005sce-psps-postevent-for-december-31-2024-highthreat.pdf,https://www.cpuc.ca.gov/-/media/cpuc-website/divisions/safety-and-enforcement-division/reports/psps-post-event-reports/2024/r1812005sce-psps-postevent-for-december-31-2024-highthreat.pdf,False,,not_applicable,1.0,PDF pages 8;9;21;22;27;32;62;67,not_stated,0.71,PDF pages 8;9;10;11;12;58;59;62,one_or_more,1.0,PDF pages 6;8;9;27;28;62;63;67,zero,1.0,PDF pages 8;9;16;27;28;62;63;67,yes,1.0,PDF pages 8;9;10;12;20;24;28;62,0,PDF page 8,0,PDF page 8,,,,,,,,,,2,,wind_threshold_cited:low_confidence
sce__r1812005sce_psps_postevent_for_november_13_2024_deenergization,SCE,2024,"November 11, 2024: SCE PSPS Post-Event Report",original,https://www.cpuc.ca.gov/-/media/cpuc-website/divisions/safety-and-enforcement-division/reports/psps-post-event-reports/2024/r1812005sce-psps-postevent-for-november-13-2024-deenergization.pdf,https://www.cpuc.ca.gov/-/media/cpuc-website/divisions/safety-and-enforcement-division/reports/psps-post-event-reports/2024/r1812005sce-psps-postevent-for-november-13-2024-deenergization.pdf,False,,all_notified,0.87,PDF pages 8;9;10;21;26;27;40;53,met,0.83,PDF pages 8;9;10;11;13;18;38;39,one_or_more,1.0,PDF pages 8;9;10;32;33;34;73;81,zero,1.0,PDF pages 8;9;10;32;33;34;73;81,yes,1.0,PDF pages 8;9;10;19;20;29;40;74,637,PDF page 8,1,PDF page 8,Mono,2024-11-13 15:45,PDF page 21,2024-11-13 15:45,2024-11-13 20:38,PDF page 21,2024-11-13 20:38,4.88,,4,,mbl_advance_notice:low_confidence wind_threshold_cited:low_confidence
sce__r1812005sce_psps_postevent_for_november_20_2024_deenergization,SCE,2024,"November 18, 2024: SCE PSPS Post-Event Report",original,https://www.cpuc.ca.gov/-/media/cpuc-website/divisions/safety-and-enforcement-division/reports/psps-post-event-reports/2024/r1812005sce-psps-postevent-for-november-20-2024-deenergization.pdf,https://www.cpuc.ca.gov/-/media/cpuc-website/divisions/safety-and-enforcement-division/reports/psps-post-event-reports/2024/r1812005sce-psps-postevent-for-november-20-2024-deenergization.pdf,False,,all_notified,0.42,PDF pages 8;9;10;20;21;26;27;42,met,0.92,PDF pages 8;9;10;11;13;18;19;41,one_or_more,1.0,PDF pages 8;9;10;33;34;74;75;89,zero,1.0,PDF pages 8;9;10;33;34;74;75;89,yes,1.0,PDF pages 8;9;10;19;20;26;42;79,1251,PDF page 8,2,PDF page 8,Inyo; Mono,2024-11-20 08:28,PDF page 21,2024-11-20 08:28,2024-11-23 11:30,PDF page 21,2024-11-23 11:30,75.03,,6,,mbl_advance_notice:low_confidence
sce__r1812005sce_psps_postevent_for_november_28_2024_highthreat_event,SCE,2024,"November 28, 2024: SCE PSPS Post-Event Report",original,https://www.cpuc.ca.gov/-/media/cpuc-website/divisions/safety-and-enforcement-division/reports/psps-post-event-reports/2024/r1812005sce-psps-postevent-for-november-28-2024-highthreat-event.pdf,https://www.cpuc.ca.gov/-/media/cpuc-website/divisions/safety-and-enforcement-division/reports/psps-post-event-reports/2024/r1812005sce-psps-postevent-for-november-28-2024-highthreat-event.pdf,False,,not_applicable,1.0,PDF pages 8;9;21;22;42;43;44;61,not_stated,0.75,PDF pages 8;9;10;11;12;57;58;61,zero,1.0,PDF pages 6;8;9;27;28;61;62,zero,1.0,PDF pages 6;8;9;15;27;28;61;62,yes,1.0,PDF pages 8;9;10;12;24;27;29;61,0,PDF page 8,0,PDF page 8,,,,,,,,,,2,,wind_threshold_cited:low_confidence
sce__r1812005sce_psps_postevent_for_november_4_2024_deenergization,SCE,2024,"November 4, 2024: SCE PSPS Post-Event Report",original,https://www.cpuc.ca.gov/-/media/cpuc-website/divisions/safety-and-enforcement-division/reports/psps-post-event-reports/2024/r1812005sce-psps-postevent-for-november-4-2024-deenergization.pdf,https://www.cpuc.ca.gov/-/media/cpuc-website/divisions/safety-and-enforcement-division/reports/psps-post-event-reports/2024/r1812005sce-psps-postevent-for-november-4-2024-deenergization.pdf,False,,some_not_notified,0.31,PDF pages 8;9;10;21;26;27;42;45,met,0.85,PDF pages 8;9;10;11;14;19;20;69,one_or_more,1.0,PDF pages 8;9;10;34;35;78;79;170,one_or_more,1.0,PDF pages 8;9;10;34;35;36;78;170,yes,1.0,PDF pages 8;9;10;20;21;31;42;54,71044,PDF page 8,8,PDF page 8,Kern; Los Angeles; Orange; Riverside; San Bernardino; Santa Barbara; Tulare; Ventura,2024-11-04 09:05,PDF page 92,2024-11-04 09:05,2024-11-08 21:00,PDF page 91,2024-11-08 21:00,107.92,,5,,mbl_advance_notice:low_confidence wind_threshold_cited:low_confidence
sce__20250104sce_psps_post_event_reportdeenergizedfinal,SCE,2025,"January 3, 2025: SCE PSPS Post-Event Report",original,https://www.cpuc.ca.gov/-/media/cpuc-website/divisions/safety-and-enforcement-division/reports/psps-post-event-reports/2025/20250104sce-psps-post-event-reportdeenergizedfinal.pdf,https://www.cpuc.ca.gov/-/media/cpuc-website/divisions/safety-and-enforcement-division/reports/psps-post-event-reports/2025/20250104sce-psps-post-event-reportdeenergizedfinal.pdf,False,,some_not_notified,0.92,PDF pages 6;7;8;19;20;25;26;46,met,0.64,PDF pages 6;7;8;9;10;12;14;17,one_or_more,1.0,PDF pages 3;6;7;8;35;36,one_or_more,1.0,PDF pages 3;6;7;8;16;35;36,yes,1.0,PDF pages 6;7;8;9;18;19;30;31,363196,PDF page 6,8,PDF page 6,Kern; Los Angeles; Orange; Riverside; San Bernardino; Santa Barbara; San Diego; Ventura,2025-01-04 23:41,Excel sheet T05 row 64 (377 circuits),,2025-01-17 14:49,Excel sheet T05 row 239 (377 circuits),,303.13,,5,,wind_threshold_cited:low_confidence
sce__20250120sce_psps_post_event_reportdeenergizedfinal,SCE,2025,"January 20, 2025: SCE PSPS Post-Event Report",original,https://www.cpuc.ca.gov/-/media/cpuc-website/divisions/safety-and-enforcement-division/reports/psps-post-event-reports/2025/20250120sce-psps-post-event-reportdeenergizedfinal.pdf,https://www.cpuc.ca.gov/-/media/cpuc-website/divisions/safety-and-enforcement-division/reports/psps-post-event-reports/2025/20250120sce-psps-post-event-reportdeenergizedfinal.pdf,False,,some_not_notified,0.8,PDF pages 6;7;8;19;24;25;34;43,met,0.95,PDF pages 6;7;8;9;10;12;17;41,one_or_more,1.0,PDF pages 3;6;7;8;33;34;35,one_or_more,1.0,PDF pages 3;6;7;8;15;33;34;35,yes,1.0,PDF pages 6;7;8;18;19;24;30;43,152394,PDF page 4,7,PDF page 6,Kern; Los Angeles; Orange; Riverside; San Bernardino; San Diego; Ventura,2025-01-20 05:39,Excel sheet T05 row 27 (226 circuits),,2025-01-27 14:34,Excel sheet T05 row 27 (226 circuits),2025-01-27 16:00,176.92,,2,,mbl_advance_notice:low_confidence last_restoration:conflicting_sources
sce__r1812005_sce_psps_post_event_for_august_10_2025_de_energization,SCE,2025,"August 11, 2025: SCE PSPS Post-Event Report ",original,https://www.cpuc.ca.gov/-/media/cpuc-website/divisions/safety-and-enforcement-division/reports/psps-post-event-reports/2025/r1812005-sce-psps-post-event-for-august-10-2025-de--energization.pdf,https://www.cpuc.ca.gov/-/media/cpuc-website/divisions/safety-and-enforcement-division/reports/psps-post-event-reports/2025/r1812005-sce-psps-post-event-for-august-10-2025-de--energization.pdf,False,,all_notified,0.5,PDF pages 8;9;10;20;25;26;83;84,met,0.76,PDF pages 8;9;10;11;12;13;18;71,one_or_more,1.0,PDF pages 8;9;10;31;32;33;89;174,one_or_more,1.0,PDF pages 8;9;10;31;32;33;89;90,yes,1.0,PDF pages 8;9;10;19;20;40;67;78,6853,PDF page 8,8,PDF page 8,Inyo; Kern; Los Angeles; Mono; Riverside; San Bernardino; Santa Barbara; Tulare,2025-08-10 20:05,PDF page 122,2025-08-10 20:05,2025-08-24 09:52,PDF page 122,2025-08-24 09:52,325.78,,4,,mbl_advance_notice:low_confidence wind_threshold_cited:low_confidence
sce__r1812005_sce_psps_post_event_for_july_1_2025_de_energization,SCE,2025,"June 30, 2025: SCE PSPS Post-Event Report",original,https://www.cpuc.ca.gov/-/media/cpuc-website/divisions/safety-and-enforcement-division/reports/psps-post-event-reports/2025/r1812005-sce-psps-post-event-for-july-1-2025-de--energization.pdf,https://www.cpuc.ca.gov/-/media/cpuc-website/divisions/safety-and-enforcement-division/reports/psps-post-event-reports/2025/r1812005-sce-psps-post-event-for-july-1-2025-de--energization.pdf,False,https://www.cpuc.ca.gov/-/media/cpuc-website/divisions/safety-and-enforcement-division/reports/psps-post-event-reports/2025/sce-2025-amendments/20250701sce-psps-post-event-reportdeenergizedamendment2final.pdf ; https://www.cpuc.ca.gov/-/media/cpuc-website/divisions/safety-and-enforcement-division/reports/psps-post-event-reports/2025/sce-2025-amendments/20250701_sce_psps_post_event_report-de-energized_amendment2-final.pdf,all_notified,0.4,PDF pages 8;9;10;19;20;24;25;41,met,0.56,PDF pages 8;9;10;11;12;17;18;40,one_or_more,1.0,PDF pages 8;9;10;31;32;33;61;81,one_or_more,1.0,PDF pages 8;9;10;31;32;33;61;81,yes,1.0,PDF pages 8;9;10;13;14;19;24;41,969,PDF page 8,5,PDF page 8,Inyo; Kern; Los Angeles; Mono; San Bernardino,2025-07-01 15:12,PDF page 20,2025-07-01 15:12,2025-07-11 09:25,PDF page 20,2025-07-11 09:25,234.22,,4,,mbl_advance_notice:low_confidence wind_threshold_cited:low_confidence event:conflicting_sources
sce__r1812005_sce_psps_post_event_for_july_15_2025_de_energization,SCE,2025,"July 15, 2025: SCE PSPS Post-Event Report",original,https://www.cpuc.ca.gov/-/media/cpuc-website/divisions/safety-and-enforcement-division/reports/psps-post-event-reports/2025/r1812005-sce-psps-post-event-for-july-15-2025-de--energization.pdf,https://www.cpuc.ca.gov/-/media/cpuc-website/divisions/safety-and-enforcement-division/reports/psps-post-event-reports/2025/r1812005-sce-psps-post-event-for-july-15-2025-de--energization.pdf,False,https://www.cpuc.ca.gov/-/media/cpuc-website/divisions/safety-and-enforcement-division/reports/psps-post-event-reports/2025/sce-2025-amendments/20250715sce-psps-post-event-reportdeenergizedamendment2final.pdf,all_notified,0.64,PDF pages 8;9;19;23;24;29;48;54,met,0.61,PDF pages 8;9;10;11;12;17;33;54,one_or_more,1.0,PDF pages 6;8;9;29;30;54;55;59,zero,1.0,PDF pages 8;9;16;29;30;31;54;59,yes,1.0,PDF pages 8;9;18;19;25;26;38;54,311,PDF page 8,1,PDF page 8,Los Angeles,2025-07-15 14:18,PDF page 19,2025-07-15 14:18,2025-07-15 20:09,PDF page 19,2025-07-15 20:09,5.85,,4,,mbl_advance_notice:low_confidence wind_threshold_cited:low_confidence event:conflicting_sources
sce__r1812005_sce_psps_post_event_for_july_23_2025_de_energization,SCE,2025,"July 20, 2025: SCE PSPS Post-Event Report",original,https://www.cpuc.ca.gov/-/media/cpuc-website/divisions/safety-and-enforcement-division/reports/psps-post-event-reports/2025/r1812005-sce-psps-post-event-for-july-23-2025-de--energization.pdf,https://www.cpuc.ca.gov/-/media/cpuc-website/divisions/safety-and-enforcement-division/reports/psps-post-event-reports/2025/r1812005-sce-psps-post-event-for-july-23-2025-de--energization.pdf,False,https://www.cpuc.ca.gov/-/media/cpuc-website/divisions/safety-and-enforcement-division/reports/psps-post-event-reports/2025/sce-2025-amendments/20250723sce-psps-post-event-reportdeenergizedamendment2final.pdf,all_notified,0.39,PDF pages 7;8;9;18;23;24;30;48,not_stated,0.36,PDF pages 7;8;9;10;11;12;17;54,one_or_more,1.0,PDF pages 7;8;9;29;30;31;54;64,zero,1.0,PDF pages 7;8;9;29;30;31;54;64,yes,1.0,PDF pages 7;8;9;17;18;25;26;38,5,PDF page 6,1,PDF page 7,San Bernardino,2025-07-23 16:06,PDF page 19,2025-07-23 16:06,2025-07-24 09:11,PDF page 19,2025-07-24 09:11,17.08,,2,,mbl_advance_notice:low_confidence wind_threshold_cited:low_confidence event:conflicting_sources
sce__r1812005_sce_psps_post_event_for_may_22_2025_high_threat,SCE,2025,"May 22, 2025: SCE PSPS Post-Event Report",original,https://www.cpuc.ca.gov/-/media/cpuc-website/divisions/safety-and-enforcement-division/reports/psps-post-event-reports/2025/r1812005-sce-psps-post-event-for-may-22-2025-high-threat.pdf,https://www.cpuc.ca.gov/-/media/cpuc-website/divisions/safety-and-enforcement-division/reports/psps-post-event-reports/2025/r1812005-sce-psps-post-event-for-may-22-2025-high-threat.pdf,False,,not_applicable,1.0,PDF pages 8;9;21;22;58;65;85;89,not_stated,0.31,PDF pages 8;9;10;11;12;81;82;85,one_or_more,1.0,PDF pages 6;8;9;28;29;85;86;89,zero,1.0,PDF pages 8;9;15;28;29;85;86;89,yes,1.0,PDF pages 8;9;10;13;18;21;25;85,0,PDF page 7,0,PDF page 7,,,,,,,,,,4,,wind_threshold_cited:low_confidence
sce__r1812005_sce_psps_post_event_for_september_2_2025_de_energization,SCE,2025,"September 2, 2025: SCE PSPS Post-Event Report",original,https://www.cpuc.ca.gov/-/media/cpuc-website/divisions/safety-and-enforcement-division/reports/psps-post-event-reports/2025/r1812005-sce-psps-post-event-for-september-2-2025-de-energization.pdf,https://www.cpuc.ca.gov/-/media/cpuc-website/divisions/safety-and-enforcement-division/reports/psps-post-event-reports/2025/r1812005-sce-psps-post-event-for-september-2-2025-de-energization.pdf,False,,some_not_notified,0.84,PDF pages 8;9;10;20;24;25;39;40,met,0.87,PDF pages 8;9;10;11;12;14;18;37,one_or_more,1.0,PDF pages 8;9;10;31;32;58;59;83,zero,1.0,PDF pages 8;9;10;31;32;58;59;83,yes,1.0,PDF pages 8;9;10;19;20;28;39;43,1223,PDF page 8,4,PDF page 8,Kern; Los Angeles; San Bernardino; Tulare,2025-09-02 11:10,PDF page 62,2025-09-02 11:10,2025-09-10 12:49,PDF page 62,2025-09-10 12:49,193.65,,4,,mbl_advance_notice:low_confidence wind_threshold_cited:low_confidence
sce__r1812005sce_psps_postevent_for_august_1_2025_de_energization,SCE,2025,"August 1, 2025: SCE PSPS Post-Event Report",original,https://www.cpuc.ca.gov/-/media/cpuc-website/divisions/safety-and-enforcement-division/reports/psps-post-event-reports/2025/r1812005sce-psps-postevent-for-august-1-2025-de-energization.pdf,https://www.cpuc.ca.gov/-/media/cpuc-website/divisions/safety-and-enforcement-division/reports/psps-post-event-reports/2025/r1812005sce-psps-postevent-for-august-1-2025-de-energization.pdf,False,https://www.cpuc.ca.gov/-/media/cpuc-website/divisions/safety-and-enforcement-division/reports/psps-post-event-reports/2025/sce-2025-amendments/20250801sce-psps-post-event-reportdeenergizedamendment2final.pdf,some_not_notified,0.61,PDF pages 8;9;10;19;20;23;24;25,met,0.69,PDF pages 8;9;10;11;14;17;18;36,one_or_more,1.0,PDF pages 8;9;10;30;31;59;60;79,zero,1.0,PDF pages 8;9;10;30;31;59;60;79,yes,1.0,PDF pages 8;9;10;18;19;23;25;27,1534,PDF page 8,4,PDF page 8,Inyo; Kern; Mono; San Bernardino,2025-08-01 21:15,PDF page 20,2025-08-01 21:15,2025-08-08 08:15,PDF page 20,2025-08-08 08:15,155.0,,5,,mbl_advance_notice:low_confidence wind_threshold_cited:low_confidence event:conflicting_sources
sce__r1812005sce_psps_postevent_for_june_10_2025_deenergization,SCE,2025,"June 10, 2025: SCE PSPS Post-Event Report",original,https://www.cpuc.ca.gov/-/media/cpuc-website/divisions/safety-and-enforcement-division/reports/psps-post-event-reports/2025/r1812005sce-psps-postevent-for-june-10-2025-deenergization.pdf,https://www.cpuc.ca.gov/-/media/cpuc-website/divisions/safety-and-enforcement-division/reports/psps-post-event-reports/2025/r1812005sce-psps-postevent-for-june-10-2025-deenergization.pdf,False,https://www.cpuc.ca.gov/-/media/cpuc-website/divisions/safety-and-enforcement-division/reports/psps-post-event-reports/2025/sce-2025-amendments/20250610sce-psps-post-event-reportdeenergizedamendment2final.pdf,some_not_notified,0.38,PDF pages 8;9;10;19;24;25;41;42,met,0.62,PDF pages 8;9;10;11;17;18;38;39,one_or_more,1.0,PDF pages 8;9;10;30;31;32;68;98,one_or_more,1.0,PDF pages 8;9;10;30;31;32;68;98,yes,1.0,PDF pages 8;9;10;18;19;35;40;45,7513,PDF page 8,7,PDF page 8,Inyo; Kern; Los Angeles; Mono; San Bernardino; Santa Barbara; Tulare,2025-06-10 20:47,PDF page 74,2025-06-10 20:47,2025-06-22 11:11,PDF page 74,2025-06-22 11:11,278.4,,5,,mbl_advance_notice:low_confidence wind_threshold_cited:low_confidence event:conflicting_sources
sce__r1812005sce_psps_postevent_for_november_5_2025_deenergization,SCE,2025,"November 5, 2025: SCE PSPS Post-Event Report",original,https://www.cpuc.ca.gov/-/media/cpuc-website/divisions/safety-and-enforcement-division/reports/psps-post-event-reports/2025/sce-nov-5/r1812005sce-psps-postevent-for-november-5-2025-deenergization.pdf,https://www.cpuc.ca.gov/-/media/cpuc-website/divisions/safety-and-enforcement-division/reports/psps-post-event-reports/2025/sce-nov-5/r1812005sce-psps-postevent-for-november-5-2025-deenergization.pdf,False,,all_notified,0.49,PDF pages 8;9;10;21;25;26;31;50,met,0.7,PDF pages 8;9;10;11;12;13;19;35,one_or_more,1.0,PDF pages 8;9;10;31;32;56;57;67,zero,1.0,PDF pages 8;9;10;31;32;56;57;67,yes,1.0,PDF pages 8;9;10;20;21;27;28;40,1145,PDF page 8,2,PDF page 8,Inyo; Mono,2025-11-05 05:17,PDF page 21,2025-11-05 05:17,2025-11-06 09:17,PDF page 21,2025-11-06 09:17,28.0,,4,,mbl_advance_notice:low_confidence wind_threshold_cited:low_confidence
sce__r1812005sce_psps_postevent_for_october_28_2025_deenergization,SCE,2025,"October 28, 2025: SCE PSPS Post-Event Report",original,https://www.cpuc.ca.gov/-/media/cpuc-website/divisions/safety-and-enforcement-division/reports/psps-post-event-reports/2025/sce-oct-28/r1812005sce-psps-postevent-for-october-28-2025-deenergization.pdf,https://www.cpuc.ca.gov/-/media/cpuc-website/divisions/safety-and-enforcement-division/reports/psps-post-event-reports/2025/sce-oct-28/r1812005sce-psps-postevent-for-october-28-2025-deenergization.pdf,False,https://www.cpuc.ca.gov/-/media/cpuc-website/divisions/safety-and-enforcement-division/reports/psps-post-event-reports/2025/sce-oct-28/r1812005-sce-amendment-to-psps-post-event-for-october-28-2025-de-energization.pdf,all_notified,0.71,PDF pages 8;9;10;20;21;25;26;54,met,0.72,PDF pages 8;9;10;11;12;14;19;38,one_or_more,1.0,PDF pages 6;8;9;10;31;32;33;81,one_or_more,1.0,PDF pages 8;9;10;17;31;32;33;81,yes,1.0,PDF pages 8;9;10;19;20;27;43;59,2640,PDF page 7,4,PDF page 8,Los Angeles; Riverside; San Bernardino; Ventura,2025-10-28 00:06,PDF page 65,2025-10-28 00:06,2025-10-28 18:53,PDF page 65,2025-10-28 18:53,18.78,,4,,mbl_advance_notice:low_confidence wind_threshold_cited:low_confidence event:conflicting_sources
sce__r1812005sce_psps_postevent_for_october_8_2025_deenergization,SCE,2025,"October 8, 2025: SCE PSPS Post Event Report",original,https://www.cpuc.ca.gov/-/media/cpuc-website/divisions/safety-and-enforcement-division/reports/psps-post-event-reports/2025/r1812005sce-psps-postevent-for-october-8-2025-deenergization.pdf,https://www.cpuc.ca.gov/-/media/cpuc-website/divisions/safety-and-enforcement-division/reports/psps-post-event-reports/2025/r1812005sce-psps-postevent-for-october-8-2025-deenergization.pdf,False,,some_not_notified,0.68,PDF pages 8;9;10;19;20;24;25;62,met,0.54,PDF pages 8;9;10;11;12;14;17;39,one_or_more,1.0,PDF pages 8;9;10;30;31;58;59;86,one_or_more,1.0,PDF pages 8;9;10;30;31;32;58;86,yes,1.0,PDF pages 8;9;10;18;19;26;27;44,1215,PDF page 8,4,PDF page 8,Inyo; Los Angeles; Mono; San Bernardino,2025-10-08 13:24,PDF page 62,2025-10-08 13:24,2025-10-14 09:20,PDF page 62,2025-10-14 09:20,139.93,,5,,mbl_advance_notice:low_confidence wind_threshold_cited:low_confidence
sce__sce_nov_9_2025_psps_post_event_report,SCE,2025,"November 9, 2025: SCE PSPS Post-Event Report",original,https://www.cpuc.ca.gov/-/media/cpuc-website/divisions/safety-and-enforcement-division/reports/psps-post-event-reports/2025/sce-nov-9-2025-psps-post-event-report.pdf,https://www.cpuc.ca.gov/-/media/cpuc-website/divisions/safety-and-enforcement-division/reports/psps-post-event-reports/2025/sce-nov-9-2025-psps-post-event-report.pdf,False,,all_notified,0.7,PDF pages 8;9;10;22;26;27;57;58,not_met,0.13,PDF pages 8;9;10;11;12;13;16;39,one_or_more,1.0,PDF pages 8;9;10;32;33;34;66;80,one_or_more,1.0,PDF pages 8;9;10;32;33;34;66;80,yes,1.0,PDF pages 8;9;10;21;22;26;28;30,909,PDF page 8,1,PDF page 8,San Bernardino,2025-11-09 00:12,PDF page 22,2025-11-09 00:12,2025-11-10 13:11,PDF page 22,2025-11-10 13:11,36.98,,5,,mbl_advance_notice:low_confidence wind_threshold_cited:low_confidence
sce__r1812005_sce_psps_post_event_report_for_7_26_26_de_energization_event,SCE,2026,"July 26, 2026: SCE PSPS Post-Event Report",original,https://www.cpuc.ca.gov/-/media/cpuc-website/divisions/safety-and-enforcement-division/reports/psps-post-event-reports/2026/r1812005-sce-psps-post-event-report-for-7-26-26-de-energization-event.pdf,https://www.cpuc.ca.gov/-/media/cpuc-website/divisions/safety-and-enforcement-division/reports/psps-post-event-reports/2026/r1812005-sce-psps-post-event-report-for-7-26-26-de-energization-event.pdf,False,https://www.cpuc.ca.gov/-/media/cpuc-website/divisions/safety-and-enforcement-division/reports/psps-post-event-reports/2026/r1812005sce-psps-amendment-to-postevent-report-for-july-26-2026-deenergization.pdf,all_notified,0.68,PDF pages 7;8;9;21;26;27;41;57,met,0.7,PDF pages 7;8;9;10;11;12;39;89,one_or_more,1.0,PDF pages 6;7;8;9;34;35;90;91,one_or_more,1.0,PDF pages 6;7;8;9;17;34;35,yes,1.0,PDF pages 7;8;9;19;20;29;30;41,65,PDF page 37,1,PDF page 8,Kern,,,,,,,,,1,,mbl_advance_notice:low_confidence wind_threshold_cited:low_confidence event:conflicting_sources
sce__r1812005sce_psps_postevent_for_july_22_2026_deenergization,SCE,2026,"July 22, 2026: SCE PSPS Post-Event Report",original,https://www.cpuc.ca.gov/-/media/cpuc-website/divisions/safety-and-enforcement-division/reports/psps-post-event-reports/2026/r1812005sce-psps-postevent-for-july-22-2026-deenergization.pdf,https://www.cpuc.ca.gov/-/media/cpuc-website/divisions/safety-and-enforcement-division/reports/psps-post-event-reports/2026/r1812005sce-psps-postevent-for-july-22-2026-deenergization.pdf,False,,some_not_notified,0.89,PDF pages 7;8;9;21;25;26;39;40,not_stated,0.64,PDF pages 7;8;9;10;14;39;88;89,one_or_more,1.0,PDF pages 7;8;9;33;34;89;90;102,zero,1.0,PDF pages 7;8;9;33;34;94;95;102,no,0.88,PDF pages 7;8;9;19;20;28;30;39,785,PDF page 36,1,PDF page 97,Santa Barbara,2026-07-22 15:06,PDF page 97,2026-07-22 15:06,2026-07-23 12:37,PDF page 97,2026-07-23 12:37,21.52,,2,,mbl_advance_notice:low_confidence wind_threshold_cited:low_confidence canceled_after_notice:low_confidence
sce__r1812005sce_psps_postevent_report_for_july_15_2026_deenergization,SCE,2026,"July 15, 2026: SCE PSPS Post-Event Report",original,https://www.cpuc.ca.gov/-/media/cpuc-website/divisions/safety-and-enforcement-division/reports/psps-post-event-reports/2026/r1812005sce-psps-postevent-report-for-july-15-2026-deenergization.pdf,https://www.cpuc.ca.gov/-/media/cpuc-website/divisions/safety-and-enforcement-division/reports/psps-post-event-reports/2026/r1812005sce-psps-postevent-report-for-july-15-2026-deenergization.pdf,False,,all_notified,0.68,PDF pages 8;9;10;22;27;28;42;43,not_stated,0.38,PDF pages 8;9;10;11;12;13;16;91,one_or_more,1.0,PDF pages 8;9;10;34;35;92;93;107,zero,1.0,PDF pages 8;9;10;34;35;97;98;107,yes,1.0,PDF pages 8;9;10;20;21;30;31;42,453,PDF page 39,1,PDF page 9,Santa Barbara,2026-07-15 16:39,PDF page 100,2026-07-15 16:39,2026-07-16 13:49,PDF page 100,2026-07-16 13:49,21.17,,1,,mbl_advance_notice:low_confidence wind_threshold_cited:low_confidence
sce__sce_psps_postevent_report_for_june_26_2026_deenergization,SCE,2026,"June 26, 2026: SCE PSPS Post-Event Report",original,https://www.cpuc.ca.gov/-/media/cpuc-website/divisions/safety-and-enforcement-division/reports/psps-post-event-reports/2026/sce-2026/sce-psps-postevent-report-for-june-26-2026-deenergization.pdf,https://www.cpuc.ca.gov/-/media/cpuc-website/divisions/safety-and-enforcement-division/reports/psps-post-event-reports/2026/sce-2026/sce-psps-postevent-report-for-june-26-2026-deenergization.pdf,False,https://www.cpuc.ca.gov/-/media/cpuc-website/divisions/safety-and-enforcement-division/reports/psps-post-event-reports/2026/r1812005sce-psps-amendment-to-postevent-report-for-june-26-2026-deenergization.pdf,all_notified,0.67,PDF pages 7;8;9;21;25;26;47;48,met,0.55,PDF pages 7;8;9;10;15;39;88;89,one_or_more,1.0,PDF pages 7;8;9;33;34;89;90;102,zero,1.0,PDF pages 7;8;9;33;34;94;95;102,yes,1.0,PDF pages 7;8;9;19;20;28;29;30,750,PDF page 8,5,PDF page 97,Inyo; Kern; Mono; San Bernardino; Tulare,2026-06-26 03:04,PDF page 97,2026-06-26 03:04,2026-06-28 11:00,PDF page 97,2026-06-28 11:00,55.93,,2,,mbl_advance_notice:low_confidence wind_threshold_cited:low_confidence event:conflicting_sources
sdge__sdge_de_energization_report_dec_14_15_2017,SDG&E,2017,"Dec. 14-15, 2017 Pro-Active De-Energization Post Event Report",original,https://www.cpuc.ca.gov/-/media/cpuc-website/divisions/safety-and-enforcement-division/reports/psps-post-event-reports/2019-and-earlier/sdge-de-energization-report-dec-14-15-2017.pdf,https://www.cpuc.ca.gov/-/media/cpuc-website/divisions/safety-and-enforcement-division/reports/psps-post-event-reports/2019-and-earlier/sdge-de-energization-report-dec-14-15-2017.pdf,False,,not_stated,1.0,PDF pages 3,met,0.38,PDF pages 2;3;6;11;22;23;42;78,NO_MATCHING_PAGE,,,NO_MATCHING_PAGE,,,not_stated,0.29,PDF pages 4;5,650,PDF page 4,,,,2017-12-14 19:06,PDF page 3,2017-12-14 19:06,2017-12-15 13:00,PDF page 3,2017-12-15 13:00,17.9,,4,,wind_threshold_cited:low_confidence complaints_reported:no_matching_page claims_reported:no_matching_page canceled_after_notice:low_confidence
sdge__sdge_de_energization_report_dec_4_2017,SDG&E,2017,"Dec. 4-12, 2017 Pro-Active De-Energization Post Event Report",original,https://www.cpuc.ca.gov/-/media/cpuc-website/divisions/safety-and-enforcement-division/reports/psps-post-event-reports/2019-and-earlier/sdge-de-energization-report-dec-4-2017.pdf,https://www.cpuc.ca.gov/-/media/cpuc-website/divisions/safety-and-enforcement-division/reports/psps-post-event-reports/2019-and-earlier/sdge-de-energization-report-dec-4-2017.pdf,False,,not_stated,0.82,PDF pages 7,met,0.41,PDF pages 2;3;8;20;31;32;51;87,NO_MATCHING_PAGE,,,NO_MATCHING_PAGE,,,NO_MATCHING_PAGE,,,14000,PDF page 6,,,,2017-12-05 08:11,PDF page 3,2017-12-05 08:11,2017-12-11 18:36,PDF page 3,2017-12-11 18:36,154.42,,4,,mbl_advance_notice:low_confidence wind_threshold_cited:low_confidence complaints_reported:no_matching_page claims_reported:no_matching_page canceled_after_notice:no_matching_page
sdge__sdge_de_energization_report_oct_20_21_2017,SDG&E,2017,"Oct. 20-21, 2017 Pro-Active De-Energization Post Event Report",original,https://www.cpuc.ca.gov/-/media/cpuc-website/divisions/safety-and-enforcement-division/reports/psps-post-event-reports/2019-and-earlier/sdge-de-energization-report-oct-20-21-2017.pdf,https://www.cpuc.ca.gov/-/media/cpuc-website/divisions/safety-and-enforcement-division/reports/psps-post-event-reports/2019-and-earlier/sdge-de-energization-report-oct-20-21-2017.pdf,False,,not_applicable,0.82,PDF pages 3,met,0.99,PDF pages 2;3;7,NO_MATCHING_PAGE,,,NO_MATCHING_PAGE,,,NO_MATCHING_PAGE,,,3,PDF page 3,,,,2017-10-20 01:52,PDF page 2,2017-10-20 01:52,2017-10-21 15:50,PDF page 2,2017-10-21 15:50,37.97,,0,,mbl_advance_notice:low_confidence complaints_reported:no_matching_page claims_reported:no_matching_page canceled_after_notice:no_matching_page
sdge__sdge_de_energization_report_sept_21_22_2017,SDG&E,2017,"Sept. 21-22, 2017 Pro-Active De-Energization Post Event Report",original,https://www.cpuc.ca.gov/-/media/cpuc-website/divisions/safety-and-enforcement-division/reports/psps-post-event-reports/2019-and-earlier/sdge-de-energization-report-sept-21-22--2017.pdf,https://www.cpuc.ca.gov/-/media/cpuc-website/divisions/safety-and-enforcement-division/reports/psps-post-event-reports/2019-and-earlier/sdge-de-energization-report-sept-21-22--2017.pdf,False,,not_applicable,0.73,PDF pages 3,met,0.99,PDF pages 2;3;7,NO_MATCHING_PAGE,,,NO_MATCHING_PAGE,,,NO_MATCHING_PAGE,,,3,PDF page 3,,,,2017-09-21 14:54,PDF page 2,2017-09-21 14:54,2017-09-22 09:14,PDF page 2,2017-09-22 09:14,18.33,,0,,mbl_advance_notice:low_confidence complaints_reported:no_matching_page claims_reported:no_matching_page canceled_after_notice:no_matching_page
sdge__sdgedeenergizationreportoct23252017,SDG&E,2017,"Oct. 23-25, 2017 Pro-Active De-Energization Post Event Report",original,https://www.cpuc.ca.gov/-/media/cpuc-website/divisions/safety-and-enforcement-division/reports/psps-post-event-reports/2019-and-earlier/sdgedeenergizationreportoct23252017.pdf,https://www.cpuc.ca.gov/-/media/cpuc-website/divisions/safety-and-enforcement-division/reports/psps-post-event-reports/2019-and-earlier/sdgedeenergizationreportoct23252017.pdf,False,,not_stated,1.0,PDF pages 3,met,0.88,PDF pages 2;4;7;9;11,NO_MATCHING_PAGE,,,NO_MATCHING_PAGE,,,NO_MATCHING_PAGE,,,88,PDF page 3,,,,2017-10-23 09:20,PDF page 3,2017-10-23 09:20,2017-10-25 12:23,PDF page 3,2017-10-25 12:23,51.05,,0,,wind_threshold_cited:low_confidence complaints_reported:no_matching_page claims_reported:no_matching_page canceled_after_notice:no_matching_page
sdge__sdge_de_energization_report_jan_27_29_2018,SDG&E,2018,"Jan. 27-29, 2018 Pro-Active De-Energization Post Event Report",original,https://www.cpuc.ca.gov/-/media/cpuc-website/divisions/safety-and-enforcement-division/reports/psps-post-event-reports/2019-and-earlier/sdge-de-energization-report-jan-27-29-2018.pdf,https://www.cpuc.ca.gov/-/media/cpuc-website/divisions/safety-and-enforcement-division/reports/psps-post-event-reports/2019-and-earlier/sdge-de-energization-report-jan-27-29-2018.pdf,False,,not_stated,0.3,PDF pages 4;6,met,0.33,PDF pages 2;3;6,NO_MATCHING_PAGE,,,NO_MATCHING_PAGE,,,NO_MATCHING_PAGE,,,5800,PDF page 5,1,PDF page 19,San Diego,2018-01-27 19:06,PDF page 3,2018-01-27 19:06,2018-01-29 16:53,PDF page 4,2018-01-29 16:53,45.78,,1,,mbl_advance_notice:low_confidence wind_threshold_cited:low_confidence complaints_reported:no_matching_page claims_reported:no_matching_page canceled_after_notice:no_matching_page
sdge__sdge_de_energization_report_nov_11_16_2018,SDG&E,2018,"Nov. 11-16, 2018 Pro-Active De-Energization Post Event Report",original,https://www.cpuc.ca.gov/-/media/cpuc-website/divisions/safety-and-enforcement-division/reports/psps-post-event-reports/2019-and-earlier/sdge-de-energization-report-nov-11-16-2018.pdf,https://www.cpuc.ca.gov/-/media/cpuc-website/divisions/safety-and-enforcement-division/reports/psps-post-event-reports/2019-and-earlier/sdge-de-energization-report-nov-11-16-2018.pdf,False,,not_stated,1.0,PDF pages 6,not_stated,0.25,PDF pages 2;3;18;51;52;55;58;60,one_or_more,0.94,PDF pages 16;17,one_or_more,1.0,PDF pages 16;17,yes,1.0,PDF pages 7;9,20837,PDF page 7,1,PDF page 2,San Diego County,2018-11-11 04:02,PDF page 5,2018-11-11 04:02,2018-11-16 02:40,PDF page 4,2018-11-16 02:40,118.63,,0,,wind_threshold_cited:low_confidence
sdge__sdge_de_energization_report_oct_15_16_2018,SDG&E,2018,"Oct. 15-16, 2018 Pro-Active De-Energization Post Event Report",original,https://www.cpuc.ca.gov/-/media/cpuc-website/divisions/safety-and-enforcement-division/reports/psps-post-event-reports/2019-and-earlier/sdge-de-energization-report-oct-15-16-2018.pdf,https://www.cpuc.ca.gov/-/media/cpuc-website/divisions/safety-and-enforcement-division/reports/psps-post-event-reports/2019-and-earlier/sdge-de-energization-report-oct-15-16-2018.pdf,False,,not_stated,0.87,PDF pages 3,not_stated,0.73,PDF pages 2;3;8,one_or_more,1.0,PDF pages 8;9,one_or_more,1.0,PDF pages 8;9,NO_MATCHING_PAGE,,,379,PDF page 4,1,PDF page 2,San Diego County,2018-10-15 10:28,PDF page 3,2018-10-15 10:28,2018-10-16 09:09,PDF page 3,2018-10-16 09:09,22.68,,0,,mbl_advance_notice:low_confidence wind_threshold_cited:low_confidence canceled_after_notice:no_matching_page
sdge__sdge_de_energization_report_oct_19_20_2018,SDG&E,2018,"Oct. 19-20, 2018 Pro-Active De-Energization Post Event Report",original,https://www.cpuc.ca.gov/-/media/cpuc-website/divisions/safety-and-enforcement-division/reports/psps-post-event-reports/2019-and-earlier/sdge-de-energization-report-oct-19-20-2018.pdf,https://www.cpuc.ca.gov/-/media/cpuc-website/divisions/safety-and-enforcement-division/reports/psps-post-event-reports/2019-and-earlier/sdge-de-energization-report-oct-19-20-2018.pdf,False,,not_stated,1.0,PDF pages 3,met,0.44,PDF pages 2;3;7,zero,1.0,PDF pages 7;8,zero,1.0,PDF pages 7;8,yes,0.9,PDF pages 4;5,19,PDF page 3,,,,2018-10-19 03:06,PDF page 3,2018-10-19 03:06,2018-10-20 09:38,PDF page 3,2018-10-20 09:38,30.53,,0,,wind_threshold_cited:low_confidence
sdge__sdge_de_energization_report_nov_89_2018,SDG&E,2018,"Nov. 8-9, 2018: De-Energization Post Event Report",original,https://www.cpuc.ca.gov/-/media/cpuc-website/divisions/safety-and-enforcement-division/reports/psps-post-event-reports/2019-and-earlier/sdge-de-energization-report_nov-89-2018.pdf,https://www.cpuc.ca.gov/-/media/cpuc-website/divisions/safety-and-enforcement-division/reports/psps-post-event-reports/2019-and-earlier/sdge-de-energization-report_nov-89-2018.pdf,False,,not_applicable,1.0,PDF pages 5,not_stated,0.96,PDF pages 2;3,zero,1.0,PDF pages 12;13,zero,1.0,PDF pages 12;13,NO_MATCHING_PAGE,,,0,PDF page 2,0,PDF page 2,,,,,,,,,,0,,canceled_after_notice:no_matching_page
sdge__sdge_post_event_psps_report_october_10_to_11_2019,SDG&E,2019,"Oct. 10-11, 2019 Pro-Active De-Energization Post Event Report",original,https://www.cpuc.ca.gov/-/media/cpuc-website/divisions/safety-and-enforcement-division/reports/psps-post-event-reports/2019/sdge-post-event-psps-report-october-10-to-11-2019.pdf,https://www.cpuc.ca.gov/-/media/cpuc-website/divisions/safety-and-enforcement-division/reports/psps-post-event-reports/2019/sdge-post-event-psps-report-october-10-to-11-2019.pdf,False,,not_stated,0.67,PDF pages 7;10;11;36;43;44;45;46,not_stated,0.75,PDF pages 2;3;4;39;63;64;67;69,one_or_more,1.0,PDF pages 33;34,zero,1.0,PDF pages 33;34,yes,1.0,PDF pages 2;3;9,395,PDF page 7,1,PDF page 3,San Diego County,2019-10-10 18:24,PDF page 5,2019-10-10 18:24,2019-10-11 18:07,PDF page 5,2019-10-11 18:07,23.72,,0,,mbl_advance_notice:low_confidence wind_threshold_cited:low_confidence
sdge__sdge_post_event_psps_report_october_20november_1_0,SDG&E,2019,"Oct. 20-Nov. 1, 2019 Pro-Active De-Energization Post Event Report",original,https://www.cpuc.ca.gov/-/media/cpuc-website/divisions/safety-and-enforcement-division/reports/psps-post-event-reports/2019/sdge-post-event-psps-report_october-20november-1_0.pdf,https://www.cpuc.ca.gov/-/media/cpuc-website/divisions/safety-and-enforcement-division/reports/psps-post-event-reports/2019/sdge-post-event-psps-report_october-20november-1_0.pdf,False,,not_stated,0.89,PDF pages 33;34;294;312;336;346;367;379,met,0.35,PDF pages 3;4;5;6;7;515;529;545,one_or_more,1.0,PDF pages 37;38;39,one_or_more,1.0,PDF pages 37;38;39,yes,1.0,PDF pages 2;3;7;8;31;37;50,,,2,PDF page 3,San Diego; Orange,2019-10-24 04:07,PDF page 8,2019-10-24 04:07,2019-11-01 08:53,PDF page 16,2019-11-01 08:53,196.77,,0,,mbl_advance_notice:low_confidence wind_threshold_cited:low_confidence
sdge__sdge_psps_report_nov_1719_2019_1232019,SDG&E,2019,"Nov. 17-18, 2019: Pro-Active De-Energization Post Event Report",original,https://www.cpuc.ca.gov/-/media/cpuc-website/consumer-support/documents/psps/2019/sdge/sdge-psps-report-nov-1719-2019-1232019.pdf,https://www.cpuc.ca.gov/-/media/cpuc-website/consumer-support/documents/psps/2019/sdge/sdge-psps-report-nov-1719-2019-1232019.pdf,False,,all_notified,0.96,PDF pages 8;11;12;26;27;28;32;33,met,0.94,PDF pages 2;4;5;18;36,one_or_more,1.0,PDF pages 17;18,one_or_more,1.0,PDF pages 17;18,not_stated,1.0,PDF pages 3;4,21,PDF page 8,1,PDF page 73,San Diego,2019-11-17 05:01,PDF page 6,2019-11-17 05:01,2019-11-18 08:42,PDF page 6,2019-11-18 08:42,27.68,,0,,
sdge__sdge_oct_26_27_2020_psps_post_event_report,SDG&E,2020,"Oct. 26-27, 2020: PSPS Post Event Report",original,https://www.cpuc.ca.gov/-/media/cpuc-website/files/uploadedfiles/cpucwebsite/content/news_room/newsupdates/2020/sdge-oct-26-27-2020-psps-post-event-report.pdf,https://www.cpuc.ca.gov/-/media/cpuc-website/files/uploadedfiles/cpucwebsite/content/news_room/newsupdates/2020/sdge-oct-26-27-2020-psps-post-event-report.pdf,False,,some_not_notified,1.0,PDF pages 6;9;12;14;16;17;86;88,met,0.68,PDF pages 3;4;5;6;8;9;10;21,zero,0.98,PDF pages 20;21,one_or_more,1.0,PDF pages 20;21,not_stated,0.69,PDF pages 29;30,4373,PDF page 12,1,PDF page 6,San Diego County,2020-10-26 08:48,PDF page 10,2020-10-26 08:48,2020-10-27 17:19,PDF page 10,2020-10-27 17:19,32.52,,0,,wind_threshold_cited:low_confidence canceled_after_notice:low_confidence
sdge__sdge_psps_post_event_report_december_23_24_final,SDG&E,2020,"Dec. 23-24, 2020: PSPS Post Event Report",original,https://www.cpuc.ca.gov/-/media/cpuc-website/divisions/safety-and-enforcement-division/reports/psps-post-event-reports/2020/sdge-psps-post-event-report_december-23-24-final.pdf,https://www.cpuc.ca.gov/-/media/cpuc-website/divisions/safety-and-enforcement-division/reports/psps-post-event-reports/2020/sdge-psps-post-event-report_december-23-24-final.pdf,False,,not_stated,0.52,PDF pages 6;15;16;35;37;48;50;52,met,0.8,PDF pages 3;4;6;7;8;13;20,one_or_more,1.0,PDF pages 20;21,one_or_more,1.0,PDF pages 20;21,not_stated,0.64,PDF pages 29;30;31;32,6797,PDF page 11,1,PDF page 128,San Diego,2020-12-23 15:12,PDF page 8,2020-12-23 15:12,2020-12-24 14:23,PDF page 9,2020-12-24 14:23,23.18,,0,,mbl_advance_notice:low_confidence wind_threshold_cited:low_confidence canceled_after_notice:low_confidence
sdge__sdge_psps_postevent_reportnov_26dec_9_12232020,SDG&E,2020,"Nov. 26-Dec. 9, 2020: PSPS Post Event Report",original,https://www.cpuc.ca.gov/-/media/cpuc-website/divisions/safety-and-enforcement-division/reports/psps-post-event-reports/2020/sdge-psps-postevent-reportnov-26dec-9-12232020.pdf,https://www.cpuc.ca.gov/-/media/cpuc-website/divisions/safety-and-enforcement-division/reports/psps-post-event-reports/2020/sdge-psps-postevent-reportnov-26dec-9-12232020.pdf,False,,not_stated,0.8,PDF pages 9;41;42;86;88;91;99;100,met,0.8,PDF pages 4;5;6;7;10;11;39;370,one_or_more,0.96,PDF pages 49;50;51;52;53,one_or_more,0.99,PDF pages 49;50;51;53,yes,0.82,PDF pages 4;5;6;69;70;72;127;130,,,1,PDF page 10,San Diego,2020-12-02 17:42,PDF page 13,2020-12-02 17:42,2020-12-10 00:51,PDF page 25,2020-12-10 00:51,175.15,279,0,,mbl_advance_notice:low_confidence wind_threshold_cited:low_confidence canceled_after_notice:low_confidence numbers:unreadable_page
sdge__sdge_sept_28_29_2020_psps_post_event_report,SDG&E,2020,"Sept. 28-29, 2020: PSPS Post Event Report",original,https://www.cpuc.ca.gov/-/media/cpuc-website/files/uploadedfiles/cpuc_public_website/content/news_room/news_and_updates/sdge-sept-28-29-2020-psps-post-event-report.pdf,https://www.cpuc.ca.gov/-/media/cpuc-website/files/uploadedfiles/cpuc_public_website/content/news_room/news_and_updates/sdge-sept-28-29-2020-psps-post-event-report.pdf,False,,not_applicable,1.0,PDF pages 8;11;12;25;26;27;69;70,not_stated,0.86,PDF pages 2;4;18,zero,0.99,PDF pages 15;16,zero,0.98,PDF pages 15;16,yes,0.79,PDF pages 22;23,0,PDF page 2,0,PDF page 74,,,,,,,,,,0,,wind_threshold_cited:low_confidence canceled_after_notice:low_confidence
sdge__sdge_sept_8_9_2020_psps_post_event_report,SDG&E,2020,"Sept. 8-9, 2020: PSPS Post Event Report",original,https://www.cpuc.ca.gov/-/media/cpuc-website/files/uploadedfiles/cpucwebsite/content/news_room/newsupdates/2020/sdge-sept-8-9-2020-psps-post-event-report.pdf,https://www.cpuc.ca.gov/-/media/cpuc-website/files/uploadedfiles/cpucwebsite/content/news_room/newsupdates/2020/sdge-sept-8-9-2020-psps-post-event-report.pdf,False,,not_stated,0.71,PDF pages 10;13;14;29;33;79;90;96,not_stated,0.44,PDF pages 3;4;6;7;8;12,one_or_more,1.0,PDF pages 17;18,one_or_more,1.0,PDF pages 17;18,not_stated,0.65,PDF pages 25;26,49,PDF page 83,1,PDF page 8,San Diego,2020-09-08 20:56,PDF page 8,2020-09-08 20:56,2020-09-09 10:26,PDF page 8,2020-09-09 10:26,13.5,,0,,mbl_advance_notice:low_confidence wind_threshold_cited:low_confidence canceled_after_notice:low_confidence
sdge__jan_1416_2021_sdge_psps_post_event_report,SDG&E,2021,"Jan 14-16, 2021: SDGE PSPS Post Event Report",original,https://www.cpuc.ca.gov/-/media/cpuc-website/divisions/safety-and-enforcement-division/reports/psps-post-event-reports/2021/jan-1416-2021-sdge-psps-post-event-report.pdf,https://www.cpuc.ca.gov/-/media/cpuc-website/divisions/safety-and-enforcement-division/reports/psps-post-event-reports/2021/jan-1416-2021-sdge-psps-post-event-report.pdf,False,,not_stated,0.93,PDF pages 12;28;30;32;34;73;75,not_stated,0.87,PDF pages 3;4;5,zero,1.0,PDF pages 16;17,one_or_more,1.0,PDF pages 16;17,yes,1.0,PDF pages 1;2;3;24;25,0,PDF page 1,0,PDF page 1,,,,,,,,,,1,,wind_threshold_cited:low_confidence
sdge__r1812005_sdge_psps_postevent_report_112426,SDG&E,2021,"Nov 24-26, 2021: SDG&E PSPS Post Event Report",original,https://www.cpuc.ca.gov/-/media/cpuc-website/divisions/safety-and-enforcement-division/reports/psps-post-event-reports/2021/r1812005-sdge-psps-postevent-report-112426.pdf,https://www.cpuc.ca.gov/-/media/cpuc-website/divisions/safety-and-enforcement-division/reports/psps-post-event-reports/2021/r1812005-sdge-psps-postevent-report-112426.pdf,False,https://www.cpuc.ca.gov/-/media/cpuc-website/divisions/safety-and-enforcement-division/reports/psps-post-event-reports/2021/r1812005-sdge-corrections-to-2021-psps-postseason-and-postevent-reports--5-6-2022.pdf,all_notified,0.78,PDF pages 6;7;8;22;23;52;53;96,met,0.79,PDF pages 6;7;8;9;19;20;35;40,one_or_more,1.0,PDF pages 6;7;8;33;34;35;122;228,one_or_more,1.0,PDF pages 6;7;8;33;34;35;122;229,yes,1.0,PDF pages 6;7;8;24;25;45;46;48,5858,PDF page 7,1,PDF page 7,San Diego,2021-11-24 21:53,Excel sheet Table 3 row 5 (34 circuits),2021-11-24 21:53,2021-11-26 16:37,Excel sheet Table 3 row 24 (34 circuits),2021-11-26 16:37,42.73,,8,229(not_transcribed_cap);230(not_transcribed_cap),mbl_advance_notice:low_confidence wind_threshold_cited:low_confidence event:conflicting_sources event:unreadable_page
sdge__r1812005_sdge_psps_postevent_report_oct_2931_2023_11_14_2023,SDG&E,2023,"October 29, 2023: SDG&E PSPS Post-Event Report",original,https://www.cpuc.ca.gov/-/media/cpuc-website/divisions/safety-and-enforcement-division/reports/psps-post-event-reports/2023/r1812005-sdge-psps-postevent-report-oct-2931-2023-11-14-2023.pdf,https://www.cpuc.ca.gov/-/media/cpuc-website/divisions/safety-and-enforcement-division/reports/psps-post-event-reports/2023/r1812005-sdge-psps-postevent-report-oct-2931-2023-11-14-2023.pdf,False,,not_applicable,1.0,PDF pages 6;7;16;19;20;78;79;93,not_stated,0.8,PDF pages 6;7;8;9;10;11;32;33,one_or_more,1.0,PDF pages 5;6;7;28;29,zero,1.0,PDF pages 5;6;7;28;29;30,yes,1.0,PDF pages 6;7;8;16;18;20;21;37,0,PDF page 6,0,PDF page 6,,,,,,,,,,4,,wind_threshold_cited:low_confidence
sdge__r1812005_sdge_psps_postevent_report_dec_911_2024_1_10_2025,SDG&E,2024,"December 9, 2024: SDG&E PSPS Post-Event Report",original,https://www.cpuc.ca.gov/-/media/cpuc-website/divisions/safety-and-enforcement-division/reports/psps-post-event-reports/2024/r1812005-sdge-psps-postevent-report-dec-911-2024--1-10-2025.pdf,https://www.cpuc.ca.gov/-/media/cpuc-website/divisions/safety-and-enforcement-division/reports/psps-post-event-reports/2024/r1812005-sdge-psps-postevent-report-dec-911-2024--1-10-2025.pdf,False,,all_notified,0.42,PDF pages 6;7;8;45;46;76;110;111,met,0.55,PDF pages 6;7;8;10;11;26;75;76,one_or_more,1.0,PDF pages 5;6;7;8;62;63;64,one_or_more,1.0,PDF pages 5;6;7;8;62;63;64,yes,1.0,PDF pages 6;7;8;9;25;26;49;103,51922,PDF page 6,3,PDF page 8,San Diego; Orange,2024-12-09 15:02,Excel sheet Table 3_Amended row 168 (301 circuits),,2024-12-11 19:00,Excel sheet Table 3_Amended row 295 (301 circuits),2024-12-11 19:00,51.97,,2,,mbl_advance_notice:low_confidence wind_threshold_cited:low_confidence
sdge__r1812005_sdge_psps_postevent_report_nov_68_2024,SDG&E,2024,"November 6, 2024: SDG&E PSPS Post-Event Report",original,https://www.cpuc.ca.gov/-/media/cpuc-website/divisions/safety-and-enforcement-division/reports/psps-post-event-reports/2024/r1812005-sdge-psps-postevent-report-nov-68-2024.pdf,https://www.cpuc.ca.gov/-/media/cpuc-website/divisions/safety-and-enforcement-division/reports/psps-post-event-reports/2024/r1812005-sdge-psps-postevent-report-nov-68-2024.pdf,False,,all_notified,0.83,PDF pages 6;7;8;22;25;26;87;88,met,1.0,PDF pages 6;7;8;9;10;11;12;55,one_or_more,1.0,PDF pages 6;7;8;40;41;137;138;161,zero,1.0,PDF pages 6;7;8;40;41;42;137;162,yes,1.0,PDF pages 6;7;8;21;22;27;28;80,1263,PDF page 7,1,PDF page 7,San Diego,2024-11-06 08:47,Excel sheet Table 3 row 21 (22 circuits),2024-11-06 08:47,2024-11-08 08:18,Excel sheet Table 3 row 8 (22 circuits),2024-11-08 08:18,47.52,,6,,mbl_advance_notice:low_confidence
sdge__r1812005_sdge_psps_postevent_report_jan_2024_2025_e_serve_2_24_2025,SDG&E,2025,"January 20, 2025: SDG&E PSPS Post-Event Report",original,https://www.cpuc.ca.gov/-/media/cpuc-website/divisions/safety-and-enforcement-division/reports/psps-post-event-reports/2025/r1812005-sdge-psps-postevent-report-jan-2024-2025-e-serve-2-24-2025.pdf,https://www.cpuc.ca.gov/-/media/cpuc-website/divisions/safety-and-enforcement-division/reports/psps-post-event-reports/2025/r1812005-sdge-psps-postevent-report-jan-2024-2025-e-serve-2-24-2025.pdf,False,,all_notified,0.85,PDF pages 6;7;8;34;44;45;123;124,met,1.0,PDF pages 6;7;8;9;10;30;85;86,one_or_more,1.0,PDF pages 6;7;8;71;72;301;302;328,one_or_more,1.0,PDF pages 6;7;8;71;72;73;301;329,yes,1.0,PDF pages 6;7;8;9;30;31;49;114,29980,PDF page 8,3,PDF page 8,,2025-01-20 08:04,Excel sheet Table 3 row 211 (238 circuits),,2025-01-24 17:06,Excel sheet Table 3 row 242 (238 circuits),2025-01-24 15:48,105.03,,5,121(unreadable);122(unreadable),mbl_advance_notice:low_confidence last_restoration:conflicting_sources event:unreadable_page
sdge__r1812005_sdge_psps_postevent_reportjan_716_2025_eserve,SDG&E,2025,"January 7, 2025: SDG&E PSPS Post-Event Report",Amended,https://www.cpuc.ca.gov/-/media/cpuc-website/divisions/safety-and-enforcement-division/reports/psps-post-event-reports/2025/r1812005-sdge-amended-psps-post-event-report-jan-7-16--2025-2-28-2025-eserve.pdf,https://www.cpuc.ca.gov/-/media/cpuc-website/divisions/safety-and-enforcement-division/reports/psps-post-event-reports/2025/r1812005-sdge-psps-postevent-reportjan-716-2025-eserve.pdf,False,,all_notified,0.71,PDF pages 7;8;9;60;61;91;126;127,met,0.99,PDF pages 7;8;9;10;11;14;33;89,one_or_more,1.0,PDF pages 7;8;9;77;78;89;333;334,one_or_more,1.0,PDF pages 7;8;9;77;78;79;333;334,yes,1.0,PDF pages 7;8;9;10;33;34;64;116,21508,PDF page 9,4,PDF page 9,San Diego; Orange; Riverside; Imperial,2025-01-07 21:04,Excel sheet Table 3 row 31 (189 circuits),2025-01-07 21:04,2025-01-16 10:47,Excel sheet Table 3 row 17 (189 circuits),2025-01-16 10:47,205.72,,4,124(unreadable);125(unreadable),mbl_advance_notice:low_confidence event:unreadable_page
