item,reason,report_id,utility,event_year,field,question,options,answer,confidence,page_refs,document_url,detail
1,conflicting_sources,pge__10_17_2024_psps_post_event_report,PG&E,2024,numeric fields,The extracted version is a redline; check that no struck (deleted) value was used.,,,,,https://www.cpuc.ca.gov/-/media/cpuc-website/divisions/safety-and-enforcement-division/reports/psps-post-event-reports/2024/pge_psps_post-event-report_20241017-amended-redlined.pdf,
2,conflicting_sources,pge__pge_psps_post_event_report_20240702,PG&E,2024,numeric fields,The extracted version is a redline; check that no struck (deleted) value was used.,,,,,https://www.cpuc.ca.gov/-/media/cpuc-website/divisions/safety-and-enforcement-division/reports/psps-post-event-reports/2024/pge_psps_post-event_report_20240702-amended-redlined.pdf,
3,conflicting_sources,pge__r1812005psps_event_93010152024,PG&E,2024,numeric fields,The extracted version is a redline; check that no struck (deleted) value was used.,,,,,https://www.cpuc.ca.gov/-/media/cpuc-website/divisions/safety-and-enforcement-division/reports/psps-post-event-reports/2024/pge_psps_post-event-report_20240930-amended-redlined.pdf,
4,conflicting_sources,sce__20231029_sce_psps_post_event_reportdeenergizedfinal,SCE,2023,all fields,A partial correction was filed; check whether it changes any extracted value.,,,,,https://www.cpuc.ca.gov/-/media/cpuc-website/divisions/safety-and-enforcement-division/reports/psps-post-event-reports/2023/20231029-sce-psps-post-event-reportdeenergizedfinal.pdf,correction: https://www.cpuc.ca.gov/-/media/cpuc-website/divisions/safety-and-enforcement-division/reports/psps-post-event-reports/2023/r1812005sce-amendment-to-psps-post-event-report-for-102923-deenergization-event-1.pdf ; https://www.cpuc.ca.gov/-/media/cpuc-website/divisions/safety-and-enforcement-division/reports/psps-post-event-reports/2023/r1812005-sce-corrections-to-2023-psps-post-event-reports.pdf
5,conflicting_sources,sce__20250120sce_psps_post_event_reportdeenergizedfinal,SCE,2025,last_restoration,Which last restoration is right?,,2025-01-27 14:34,,18,https://www.cpuc.ca.gov/-/media/cpuc-website/divisions/safety-and-enforcement-division/reports/psps-post-event-reports/2025/20250120sce-psps-post-event-reportdeenergizedfinal.pdf,workbook 2025-01-27 14:34 (sheet T05 row 27) vs PDF 2025-01-27 16:00 (page 18)
6,conflicting_sources,sce__r1812005_sce_psps_post_event_for_july_15_2025_de_energization,SCE,2025,all fields,A partial correction was filed; check whether it changes any extracted value.,,,,,https://www.cpuc.ca.gov/-/media/cpuc-website/divisions/safety-and-enforcement-division/reports/psps-post-event-reports/2025/r1812005-sce-psps-post-event-for-july-15-2025-de--energization.pdf,correction: https://www.cpuc.ca.gov/-/media/cpuc-website/divisions/safety-and-enforcement-division/reports/psps-post-event-reports/2025/sce-2025-amendments/20250715sce-psps-post-event-reportdeenergizedamendment2final.pdf
7,conflicting_sources,sce__r1812005_sce_psps_post_event_for_july_1_2025_de_energization,SCE,2025,all fields,A partial correction was filed; check whether it changes any extracted value.,,,,,https://www.cpuc.ca.gov/-/media/cpuc-website/divisions/safety-and-enforcement-division/reports/psps-post-event-reports/2025/r1812005-sce-psps-post-event-for-july-1-2025-de--energization.pdf,correction: https://www.cpuc.ca.gov/-/media/cpuc-website/divisions/safety-and-enforcement-division/reports/psps-post-event-reports/2025/sce-2025-amendments/20250701sce-psps-post-event-reportdeenergizedamendment2final.pdf ; https://www.cpuc.ca.gov/-/media/cpuc-website/divisions/safety-and-enforcement-division/reports/psps-post-event-reports/2025/sce-2025-amendments/20250701_sce_psps_post_event_report-de-energized_amendment2-final.pdf
8,conflicting_sources,sce__r1812005_sce_psps_post_event_for_july_23_2025_de_energization,SCE,2025,all fields,A partial correction was filed; check whether it changes any extracted value.,,,,,https://www.cpuc.ca.gov/-/media/cpuc-website/divisions/safety-and-enforcement-division/reports/psps-post-event-reports/2025/r1812005-sce-psps-post-event-for-july-23-2025-de--energization.pdf,correction: https://www.cpuc.ca.gov/-/media/cpuc-website/divisions/safety-and-enforcement-division/reports/psps-post-event-reports/2025/sce-2025-amendments/20250723sce-psps-post-event-reportdeenergizedamendment2final.pdf
9,conflicting_sources,sce__r1812005_sce_psps_post_event_report_for_11_20_23_de_energization_event,SCE,2023,all fields,A partial correction was filed; check whether it changes any extracted value.,,,,,https://www.cpuc.ca.gov/-/media/cpuc-website/divisions/safety-and-enforcement-division/reports/psps-post-event-reports/2023/r1812005-sce-psps-post-event-report-for-11-20-23-de-energization-event.pdf,correction: https://www.cpuc.ca.gov/-/media/cpuc-website/divisions/safety-and-enforcement-division/reports/psps-post-event-reports/2023/r1812005-sce-corrections-to-2023-psps-post-event-reports.pdf
10,conflicting_sources,sce__r1812005_sce_psps_post_event_report_for_11_26_23_high_threat_event,SCE,2023,all fields,A partial correction was filed; check whether it changes any extracted value.,,,,,https://www.cpuc.ca.gov/-/media/cpuc-website/divisions/safety-and-enforcement-division/reports/psps-post-event-reports/2023/r1812005-sce-psps-post-event-report-for-11-26-23-high-threat-event.pdf,correction: https://www.cpuc.ca.gov/-/media/cpuc-website/divisions/safety-and-enforcement-division/reports/psps-post-event-reports/2023/r1812005-sce-corrections-to-2023-psps-post-event-reports.pdf
11,conflicting_sources,sce__r1812005_sce_psps_post_event_report_for_12_9_23_de_energization_event,SCE,2023,all fields,A partial correction was filed; check whether it changes any extracted value.,,,,,https://www.cpuc.ca.gov/-/media/cpuc-website/divisions/safety-and-enforcement-division/reports/psps-post-event-reports/2023/r1812005-sce-psps-post-event-report-for-12-9-23-de-energization-event.pdf,correction: https://www.cpuc.ca.gov/-/media/cpuc-website/divisions/safety-and-enforcement-division/reports/psps-post-event-reports/2023/r1812005-sce-corrections-to-2023-psps-post-event-reports.pdf
12,conflicting_sources,sce__r1812005_sce_psps_post_event_report_for_7_26_26_de_energization_event,SCE,2026,all fields,A partial correction was filed; check whether it changes any extracted value.,,,,,https://www.cpuc.ca.gov/-/media/cpuc-website/divisions/safety-and-enforcement-division/reports/psps-post-event-reports/2026/r1812005-sce-psps-post-event-report-for-7-26-26-de-energization-event.pdf,correction: https://www.cpuc.ca.gov/-/media/cpuc-website/divisions/safety-and-enforcement-division/reports/psps-post-event-reports/2026/r1812005sce-psps-amendment-to-postevent-report-for-july-26-2026-deenergization.pdf
13,conflicting_sources,sce__r1812005_sce_psps_postevent_report_for_11092023_deenergization_event,SCE,2023,all fields,A partial correction was filed; check whether it changes any extracted value.,,,,,https://www.cpuc.ca.gov/-/media/cpuc-website/divisions/safety-and-enforcement-division/reports/psps-post-event-reports/2023/r1812005-sce-psps-postevent-report-for-11092023-deenergization-event.pdf,correction: https://www.cpuc.ca.gov/-/media/cpuc-website/divisions/safety-and-enforcement-division/reports/psps-post-event-reports/2023/r1812005-sce-corrections-to-2023-psps-post-event-reports.pdf
14,conflicting_sources,sce__r1812005sce_psps_postevent_for_august_1_2025_de_energization,SCE,2025,all fields,A partial correction was filed; check whether it changes any extracted value.,,,,,https://www.cpuc.ca.gov/-/media/cpuc-website/divisions/safety-and-enforcement-division/reports/psps-post-event-reports/2025/r1812005sce-psps-postevent-for-august-1-2025-de-energization.pdf,correction: https://www.cpuc.ca.gov/-/media/cpuc-website/divisions/safety-and-enforcement-division/reports/psps-post-event-reports/2025/sce-2025-amendments/20250801sce-psps-post-event-reportdeenergizedamendment2final.pdf
15,conflicting_sources,sce__r1812005sce_psps_postevent_for_june_10_2025_deenergization,SCE,2025,all fields,A partial correction was filed; check whether it changes any extracted value.,,,,,https://www.cpuc.ca.gov/-/media/cpuc-website/divisions/safety-and-enforcement-division/reports/psps-post-event-reports/2025/r1812005sce-psps-postevent-for-june-10-2025-deenergization.pdf,correction: https://www.cpuc.ca.gov/-/media/cpuc-website/divisions/safety-and-enforcement-division/reports/psps-post-event-reports/2025/sce-2025-amendments/20250610sce-psps-post-event-reportdeenergizedamendment2final.pdf
16,conflicting_sources,sce__r1812005sce_psps_postevent_for_october_28_2025_deenergization,SCE,2025,all fields,A partial correction was filed; check whether it changes any extracted value.,,,,,https://www.cpuc.ca.gov/-/media/cpuc-website/divisions/safety-and-enforcement-division/reports/psps-post-event-reports/2025/sce-oct-28/r1812005sce-psps-postevent-for-october-28-2025-deenergization.pdf,correction: https://www.cpuc.ca.gov/-/media/cpuc-website/divisions/safety-and-enforcement-division/reports/psps-post-event-reports/2025/sce-oct-28/r1812005-sce-amendment-to-psps-post-event-for-october-28-2025-de-energization.pdf
17,conflicting_sources,sce__sce_psps_post_event_report_10_11_2023_event,SCE,2023,all fields,A partial correction was filed; check whether it changes any extracted value.,,,,,https://www.cpuc.ca.gov/-/media/cpuc-website/divisions/safety-and-enforcement-division/reports/psps-post-event-reports/2023/sce-psps-post-event-report-10-11-2023-event.pdf,correction: https://www.cpuc.ca.gov/-/media/cpuc-website/divisions/safety-and-enforcement-division/reports/psps-post-event-reports/2023/r1812005-sce-corrections-to-2023-psps-post-event-reports.pdf
18,conflicting_sources,sce__sce_psps_post_event_report_7_11_2023_event,SCE,2023,all fields,A partial correction was filed; check whether it changes any extracted value.,,,,,https://www.cpuc.ca.gov/-/media/cpuc-website/divisions/safety-and-enforcement-division/reports/psps-post-event-reports/2023/sce-psps-post-event-report-7-11-2023-event.pdf,correction: https://www.cpuc.ca.gov/-/media/cpuc-website/divisions/safety-and-enforcement-division/reports/psps-post-event-reports/2023/r1812005-sce-corrections-to-2023-psps-post-event-reports.pdf
19,conflicting_sources,sce__sce_psps_post_event_report_7_18_2023_event,SCE,2023,all fields,A partial correction was filed; check whether it changes any extracted value.,,,,,https://www.cpuc.ca.gov/-/media/cpuc-website/divisions/safety-and-enforcement-division/reports/psps-post-event-reports/2023/sce-psps-post-event-report-7-18-2023-event.pdf,correction: https://www.cpuc.ca.gov/-/media/cpuc-website/divisions/safety-and-enforcement-division/reports/psps-post-event-reports/2023/r1812005-sce-corrections-to-2023-psps-post-event-reports.pdf
20,conflicting_sources,sce__sce_psps_postevent_report_for_june_26_2026_deenergization,SCE,2026,all fields,A partial correction was filed; check whether it changes any extracted value.,,,,,https://www.cpuc.ca.gov/-/media/cpuc-website/divisions/safety-and-enforcement-division/reports/psps-post-event-reports/2026/sce-2026/sce-psps-postevent-report-for-june-26-2026-deenergization.pdf,correction: https://www.cpuc.ca.gov/-/media/cpuc-website/divisions/safety-and-enforcement-division/reports/psps-post-event-reports/2026/r1812005sce-psps-amendment-to-postevent-report-for-june-26-2026-deenergization.pdf
21,conflicting_sources,sdge__r1812005_sdge_psps_postevent_report_112426,SDG&E,2021,all fields,A partial correction was filed; check whether it changes any extracted value.,,,,,https://www.cpuc.ca.gov/-/media/cpuc-website/divisions/safety-and-enforcement-division/reports/psps-post-event-reports/2021/r1812005-sdge-psps-postevent-report-112426.pdf,correction: https://www.cpuc.ca.gov/-/media/cpuc-website/divisions/safety-and-enforcement-division/reports/psps-post-event-reports/2021/r1812005-sdge-corrections-to-2021-psps-postseason-and-postevent-reports--5-6-2022.pdf
22,conflicting_sources,sdge__r1812005_sdge_psps_postevent_report_jan_2024_2025_e_serve_2_24_2025,SDG&E,2025,last_restoration,Which last restoration is right?,,2025-01-24 17:06,,235,https://www.cpuc.ca.gov/-/media/cpuc-website/divisions/safety-and-enforcement-division/reports/psps-post-event-reports/2025/r1812005-sdge-psps-postevent-report-jan-2024-2025-e-serve-2-24-2025.pdf,workbook 2025-01-24 17:06 (sheet Table 3 row 242) vs PDF 2025-01-24 15:48 (page 235)
23,unreadable_page,pge__pge_esrb8_report_for_oct_26_29_2019,PG&E,2019,table pages,Relevant table page(s) could not be read; check the fields that depend on them.,,,,210;215;216;217;218,https://www.cpuc.ca.gov/-/media/cpuc-website/divisions/safety-and-enforcement-division/reports/psps-post-event-reports/2019/pge-psps-postevent-report-oct-2629-2019-amended.pdf,p210 Table 1-9: Message for Overnight Shutoff Notification (not_transcribed_cap); p215 Table 1-12: Message for Primary Voltage Customer Notifications (not_transcribed_cap); p216 Table 1-13: Message for Cancellation Notification (not_transcribed_cap); p217 Table 1-15: Kern County Special Notification – Weather Continues (not_transcribed_cap); p218 Table 1-16: Kincade Fire Extended Outage Special Notification (not_transcribed_cap)
24,unreadable_page,sce__sce_psps_postevent_report_sept_21oct1_2019_10152019,SCE,2019,table pages,Relevant table page(s) could not be read; check the fields that depend on them.,,,,24;25;26;27;28;29;30;31;32;33;34,https://www.cpuc.ca.gov/-/media/cpuc-website/consumer-support/documents/psps/2019/sce/sce-psps-postevent-report-sept-21oct1-2019-10152019.pdf,p24  (unreadable); p25  (unreadable); p26  (unreadable); p27  (unreadable); p28  (unreadable); p29  (unreadable); p30  (unreadable); p31  (not_transcribed_cap); p32  (not_transcribed_cap); p33  (not_transcribed_cap); p34  (not_transcribed_cap)
25,unreadable_page,sdge__r1812005_sdge_psps_postevent_report_112426,SDG&E,2021,table pages,Relevant table page(s) could not be read; check the fields that depend on them.,,,,229;230,https://www.cpuc.ca.gov/-/media/cpuc-website/divisions/safety-and-enforcement-division/reports/psps-post-event-reports/2021/r1812005-sdge-psps-postevent-report-112426.pdf,p229 Table 14: Claims Filed Against SDG&E Due to De-energization (not_transcribed_cap); p230 Table 17: Summary of Avoided Customer Impacts by Circuit (not_transcribed_cap)
26,unreadable_page,sdge__r1812005_sdge_psps_postevent_report_jan_2024_2025_e_serve_2_24_2025,SDG&E,2025,table pages,Relevant table page(s) could not be read; check the fields that depend on them.,,,,121;122,https://www.cpuc.ca.gov/-/media/cpuc-website/divisions/safety-and-enforcement-division/reports/psps-post-event-reports/2025/r1812005-sdge-psps-postevent-report-jan-2024-2025-e-serve-2-24-2025.pdf,p121  (unreadable); p122  (unreadable)
27,unreadable_page,sdge__r1812005_sdge_psps_postevent_reportjan_716_2025_eserve,SDG&E,2025,table pages,Relevant table page(s) could not be read; check the fields that depend on them.,,,,124;125,https://www.cpuc.ca.gov/-/media/cpuc-website/divisions/safety-and-enforcement-division/reports/psps-post-event-reports/2025/r1812005-sdge-amended-psps-post-event-report-jan-7-16--2025-2-28-2025-eserve.pdf,p124  (unreadable); p125  (unreadable)
28,unreadable_page,sdge__sdge_psps_postevent_reportnov_26dec_9_12232020,SDG&E,2020,numeric fields,The report was too long for the model; pages after the cut were not read for the numbers.,,,,after 279,https://www.cpuc.ca.gov/-/media/cpuc-website/divisions/safety-and-enforcement-division/reports/psps-post-event-reports/2020/sdge-psps-postevent-reportnov-26dec-9-12232020.pdf,
29,no_matching_page,pge__pge_post_event_report_9302023_event,PG&E,2023,canceled_after_notice,Were any customers or areas notified of a possible power shutoff in this event but then not de-energized?,yes; no; not_stated,,,,https://www.cpuc.ca.gov/-/media/cpuc-website/divisions/safety-and-enforcement-division/reports/psps-post-event-reports/2023/pge-post-event-report-9302023-event.pdf,
30,no_matching_page,pge__pge_post_event_report_9302023_event,PG&E,2023,claims_reported,How many claims does the report say were filed against the utility because of this PSPS event?,one_or_more; zero; not_stated,,,,https://www.cpuc.ca.gov/-/media/cpuc-website/divisions/safety-and-enforcement-division/reports/psps-post-event-reports/2023/pge-post-event-report-9302023-event.pdf,
31,no_matching_page,pge__pge_post_event_report_9302023_event,PG&E,2023,complaints_reported,How many complaints does the report say were received about this PSPS event?,one_or_more; zero; not_stated,,,,https://www.cpuc.ca.gov/-/media/cpuc-website/divisions/safety-and-enforcement-division/reports/psps-post-event-reports/2023/pge-post-event-report-9302023-event.pdf,
32,no_matching_page,pge__pge_post_event_report_9302023_event,PG&E,2023,mbl_advance_notice,"Did every Medical Baseline (MBL) customer who lost power in this event have a notification delivered before their power was shut off? A delivered notification or a door-hanger visit counts even if the customer did not confirm receipt. MBL customers who were in scope but never lost power do not count. If the pages say no customers were de-energized in this event, choose not_applicable.",all_notified; some_not_notified; not_stated; not_applicable,,,,https://www.cpuc.ca.gov/-/media/cpuc-website/divisions/safety-and-enforcement-division/reports/psps-post-event-reports/2023/pge-post-event-report-9302023-event.pdf,
33,no_matching_page,pge__pge_post_event_report_9302023_event,PG&E,2023,wind_threshold_cited,Does the report state that observed or forecast wind speeds or gusts met or exceeded the utility's de-energization threshold or wind criterion in an area that was de-energized?,met; not_met; not_stated,,,,https://www.cpuc.ca.gov/-/media/cpuc-website/divisions/safety-and-enforcement-division/reports/psps-post-event-reports/2023/pge-post-event-report-9302023-event.pdf,
34,no_matching_page,pge__r1812005coverpge12152023_psps_postevent_report01020224,PG&E,2023,canceled_after_notice,Were any customers or areas notified of a possible power shutoff in this event but then not de-energized?,yes; no; not_stated,,,,https://www.cpuc.ca.gov/-/media/cpuc-website/divisions/safety-and-enforcement-division/reports/psps-post-event-reports/2023/r1812005coverpge12152023-psps-postevent-report01020224.pdf,
35,no_matching_page,pge__r1812005coverpge12152023_psps_postevent_report01020224,PG&E,2023,claims_reported,How many claims does the report say were filed against the utility because of this PSPS event?,one_or_more; zero; not_stated,,,,https://www.cpuc.ca.gov/-/media/cpuc-website/divisions/safety-and-enforcement-division/reports/psps-post-event-reports/2023/r1812005coverpge12152023-psps-postevent-report01020224.pdf,
36,no_matching_page,pge__r1812005coverpge12152023_psps_postevent_report01020224,PG&E,2023,complaints_reported,How many complaints does the report say were received about this PSPS event?,one_or_more; zero; not_stated,,,,https://www.cpuc.ca.gov/-/media/cpuc-website/divisions/safety-and-enforcement-division/reports/psps-post-event-reports/2023/r1812005coverpge12152023-psps-postevent-report01020224.pdf,
37,no_matching_page,pge__r1812005coverpge12152023_psps_postevent_report01020224,PG&E,2023,mbl_advance_notice,"Did every Medical Baseline (MBL) customer who lost power in this event have a notification delivered before their power was shut off? A delivered notification or a door-hanger visit counts even if the customer did not confirm receipt. MBL customers who were in scope but never lost power do not count. If the pages say no customers were de-energized in this event, choose not_applicable.",all_notified; some_not_notified; not_stated; not_applicable,,,,https://www.cpuc.ca.gov/-/media/cpuc-website/divisions/safety-and-enforcement-division/reports/psps-post-event-reports/2023/r1812005coverpge12152023-psps-postevent-report01020224.pdf,
38,no_matching_page,pge__r1812005coverpge12152023_psps_postevent_report01020224,PG&E,2023,wind_threshold_cited,Does the report state that observed or forecast wind speeds or gusts met or exceeded the utility's de-energization threshold or wind criterion in an area that was de-energized?,met; not_met; not_stated,,,,https://www.cpuc.ca.gov/-/media/cpuc-website/divisions/safety-and-enforcement-division/reports/psps-post-event-reports/2023/r1812005coverpge12152023-psps-postevent-report01020224.pdf,
39,no_matching_page,sce__jan_1221_2021_sce_psps_post_event_report,SCE,2021,canceled_after_notice,Were any customers or areas notified of a possible power shutoff in this event but then not de-energized?,yes; no; not_stated,,,,https://www.cpuc.ca.gov/-/media/cpuc-website/divisions/safety-and-enforcement-division/reports/psps-post-event-reports/2021/sce-jan-1221-2021-psps-post-event-report-amended.pdf,
40,no_matching_page,sce__nov_3_7_2020_sce_psps_post_event_report,SCE,2020,canceled_after_notice,Were any customers or areas notified of a possible power shutoff in this event but then not de-energized?,yes; no; not_stated,,,,https://www.cpuc.ca.gov/-/media/cpuc-website/files/uploadedfiles/cpucwebsite/content/news_room/newsupdates/2020/nov-3-7-2020-sce-psps-post-event-report.pdf,
41,no_matching_page,sce__r1812005_sce_psps_post_event_for_october_1_2024_de_energization,SCE,2024,wind_threshold_cited,Does the report state that observed or forecast wind speeds or gusts met or exceeded the utility's de-energization threshold or wind criterion in an area that was de-energized?,met; not_met; not_stated,,,73;74,https://www.cpuc.ca.gov/-/media/cpuc-website/divisions/safety-and-enforcement-division/reports/psps-post-event-reports/2024/r1812005-sce-psps-post-event-for-october-1-2024-de-energization.pdf,
42,no_matching_page,sce__sce_apr_1213_2021psps_post_event_report,SCE,2021,canceled_after_notice,Were any customers or areas notified of a possible power shutoff in this event but then not de-energized?,yes; no; not_stated,,,,https://www.cpuc.ca.gov/-/media/cpuc-website/divisions/safety-and-enforcement-division/reports/psps-post-event-reports/2021/sce-apr-1213-2021psps-post-event-report.pdf,
43,no_matching_page,sce__sce_esrb_8_report_dec_29_2018_jan1_2019,SCE,2019,canceled_after_notice,Were any customers or areas notified of a possible power shutoff in this event but then not de-energized?,yes; no; not_stated,,,,https://www.cpuc.ca.gov/-/media/cpuc-website/divisions/safety-and-enforcement-division/reports/psps-post-event-reports/2019-and-earlier/sce-esrb-8-report-dec-29-2018-jan1-2019.pdf,
44,no_matching_page,sce__sce_esrb_8_report_dec_29_2018_jan1_2019,SCE,2019,mbl_advance_notice,"Did every Medical Baseline (MBL) customer who lost power in this event have a notification delivered before their power was shut off? A delivered notification or a door-hanger visit counts even if the customer did not confirm receipt. MBL customers who were in scope but never lost power do not count. If the pages say no customers were de-energized in this event, choose not_applicable.",all_notified; some_not_notified; not_stated; not_applicable,,,,https://www.cpuc.ca.gov/-/media/cpuc-website/divisions/safety-and-enforcement-division/reports/psps-post-event-reports/2019-and-earlier/sce-esrb-8-report-dec-29-2018-jan1-2019.pdf,
45,no_matching_page,sce__sce_esrb_8_report_regarding_november_5_through_november_13_2018,SCE,2018,canceled_after_notice,Were any customers or areas notified of a possible power shutoff in this event but then not de-energized?,yes; no; not_stated,,,,https://www.cpuc.ca.gov/-/media/cpuc-website/divisions/safety-and-enforcement-division/reports/psps-post-event-reports/2019-and-earlier/sce-esrb-8-report-regarding-november-5-through-november-13-2018.pdf,
46,no_matching_page,sce__sce_esrb_8_report_regarding_november_5_through_november_13_2018,SCE,2018,mbl_advance_notice,"Did every Medical Baseline (MBL) customer who lost power in this event have a notification delivered before their power was shut off? A delivered notification or a door-hanger visit counts even if the customer did not confirm receipt. MBL customers who were in scope but never lost power do not count. If the pages say no customers were de-energized in this event, choose not_applicable.",all_notified; some_not_notified; not_stated; not_applicable,,,,https://www.cpuc.ca.gov/-/media/cpuc-website/divisions/safety-and-enforcement-division/reports/psps-post-event-reports/2019-and-earlier/sce-esrb-8-report-regarding-november-5-through-november-13-2018.pdf,
47,no_matching_page,sce__sce_oct_16_2020_psps_post_event_report,SCE,2020,canceled_after_notice,Were any customers or areas notified of a possible power shutoff in this event but then not de-energized?,yes; no; not_stated,,,,https://www.cpuc.ca.gov/-/media/cpuc-website/files/uploadedfiles/cpucwebsite/content/news_room/newsupdates/2020/sce-oct-16-2020-psps-post-event-report.pdf,
48,no_matching_page,sce__sce_post_event_reporting_september_4_through_september_8_2019,SCE,2019,mbl_advance_notice,"Did every Medical Baseline (MBL) customer who lost power in this event have a notification delivered before their power was shut off? A delivered notification or a door-hanger visit counts even if the customer did not confirm receipt. MBL customers who were in scope but never lost power do not count. If the pages say no customers were de-energized in this event, choose not_applicable.",all_notified; some_not_notified; not_stated; not_applicable,,,,https://www.cpuc.ca.gov/-/media/cpuc-website/divisions/safety-and-enforcement-division/reports/psps-post-event-reports/2019/sce-psps-postevent-report-sept-49-2019-9232019-amended.pdf,
49,no_matching_page,sce__sce_psps_postevent_report_sept_21oct1_2019_10152019,SCE,2019,mbl_advance_notice,"Did every Medical Baseline (MBL) customer who lost power in this event have a notification delivered before their power was shut off? A delivered notification or a door-hanger visit counts even if the customer did not confirm receipt. MBL customers who were in scope but never lost power do not count. If the pages say no customers were de-energized in this event, choose not_applicable.",all_notified; some_not_notified; not_stated; not_applicable,,,3;4;20;21,https://www.cpuc.ca.gov/-/media/cpuc-website/consumer-support/documents/psps/2019/sce/sce-psps-postevent-report-sept-21oct1-2019-10152019.pdf,
50,no_matching_page,sce__sce_psps_postevent_reportaug_1217_2019_8302019,SCE,2019,mbl_advance_notice,"Did every Medical Baseline (MBL) customer who lost power in this event have a notification delivered before their power was shut off? A delivered notification or a door-hanger visit counts even if the customer did not confirm receipt. MBL customers who were in scope but never lost power do not count. If the pages say no customers were de-energized in this event, choose not_applicable.",all_notified; some_not_notified; not_stated; not_applicable,,,3;4;10;11,https://www.cpuc.ca.gov/-/media/cpuc-website/divisions/safety-and-enforcement-division/reports/psps-post-event-reports/2019/sce-psps-postevent-reportaug-1217-2019-8302019.pdf,
51,no_matching_page,sce__sce_psps_postevent_reportsept_919_2019_1032019,SCE,2019,canceled_after_notice,Were any customers or areas notified of a possible power shutoff in this event but then not de-energized?,yes; no; not_stated,,,,https://www.cpuc.ca.gov/-/media/cpuc-website/consumer-support/documents/psps/2019/sce/sce-psps-postevent-reportsept-919-2019-1032019.pdf,
52,no_matching_page,sce__sce_psps_postevent_reportsept_919_2019_1032019,SCE,2019,claims_reported,How many claims does the report say were filed against the utility because of this PSPS event?,one_or_more; zero; not_stated,,,,https://www.cpuc.ca.gov/-/media/cpuc-website/consumer-support/documents/psps/2019/sce/sce-psps-postevent-reportsept-919-2019-1032019.pdf,
53,no_matching_page,sce__sce_psps_postevent_reportsept_919_2019_1032019,SCE,2019,complaints_reported,How many complaints does the report say were received about this PSPS event?,one_or_more; zero; not_stated,,,,https://www.cpuc.ca.gov/-/media/cpuc-website/consumer-support/documents/psps/2019/sce/sce-psps-postevent-reportsept-919-2019-1032019.pdf,
54,no_matching_page,sce__sce_psps_postevent_reportsept_919_2019_1032019,SCE,2019,mbl_advance_notice,"Did every Medical Baseline (MBL) customer who lost power in this event have a notification delivered before their power was shut off? A delivered notification or a door-hanger visit counts even if the customer did not confirm receipt. MBL customers who were in scope but never lost power do not count. If the pages say no customers were de-energized in this event, choose not_applicable.",all_notified; some_not_notified; not_stated; not_applicable,,,,https://www.cpuc.ca.gov/-/media/cpuc-website/consumer-support/documents/psps/2019/sce/sce-psps-postevent-reportsept-919-2019-1032019.pdf,
55,no_matching_page,sce__sce_psps_postevent_reportsept_919_2019_1032019,SCE,2019,wind_threshold_cited,Does the report state that observed or forecast wind speeds or gusts met or exceeded the utility's de-energization threshold or wind criterion in an area that was de-energized?,met; not_met; not_stated,,,,https://www.cpuc.ca.gov/-/media/cpuc-website/consumer-support/documents/psps/2019/sce/sce-psps-postevent-reportsept-919-2019-1032019.pdf,
56,no_matching_page,sdge__sdge_de_energization_report_dec_14_15_2017,SDG&E,2017,claims_reported,How many claims does the report say were filed against the utility because of this PSPS event?,one_or_more; zero; not_stated,,,,https://www.cpuc.ca.gov/-/media/cpuc-website/divisions/safety-and-enforcement-division/reports/psps-post-event-reports/2019-and-earlier/sdge-de-energization-report-dec-14-15-2017.pdf,
57,no_matching_page,sdge__sdge_de_energization_report_dec_14_15_2017,SDG&E,2017,complaints_reported,How many complaints does the report say were received about this PSPS event?,one_or_more; zero; not_stated,,,,https://www.cpuc.ca.gov/-/media/cpuc-website/divisions/safety-and-enforcement-division/reports/psps-post-event-reports/2019-and-earlier/sdge-de-energization-report-dec-14-15-2017.pdf,
58,no_matching_page,sdge__sdge_de_energization_report_dec_4_2017,SDG&E,2017,canceled_after_notice,Were any customers or areas notified of a possible power shutoff in this event but then not de-energized?,yes; no; not_stated,,,,https://www.cpuc.ca.gov/-/media/cpuc-website/divisions/safety-and-enforcement-division/reports/psps-post-event-reports/2019-and-earlier/sdge-de-energization-report-dec-4-2017.pdf,
59,no_matching_page,sdge__sdge_de_energization_report_dec_4_2017,SDG&E,2017,claims_reported,How many claims does the report say were filed against the utility because of this PSPS event?,one_or_more; zero; not_stated,,,,https://www.cpuc.ca.gov/-/media/cpuc-website/divisions/safety-and-enforcement-division/reports/psps-post-event-reports/2019-and-earlier/sdge-de-energization-report-dec-4-2017.pdf,
60,no_matching_page,sdge__sdge_de_energization_report_dec_4_2017,SDG&E,2017,complaints_reported,How many complaints does the report say were received about this PSPS event?,one_or_more; zero; not_stated,,,,https://www.cpuc.ca.gov/-/media/cpuc-website/divisions/safety-and-enforcement-division/reports/psps-post-event-reports/2019-and-earlier/sdge-de-energization-report-dec-4-2017.pdf,
61,no_matching_page,sdge__sdge_de_energization_report_jan_27_29_2018,SDG&E,2018,canceled_after_notice,Were any customers or areas notified of a possible power shutoff in this event but then not de-energized?,yes; no; not_stated,,,,https://www.cpuc.ca.gov/-/media/cpuc-website/divisions/safety-and-enforcement-division/reports/psps-post-event-reports/2019-and-earlier/sdge-de-energization-report-jan-27-29-2018.pdf,
62,no_matching_page,sdge__sdge_de_energization_report_jan_27_29_2018,SDG&E,2018,claims_reported,How many claims does the report say were filed against the utility because of this PSPS event?,one_or_more; zero; not_stated,,,,https://www.cpuc.ca.gov/-/media/cpuc-website/divisions/safety-and-enforcement-division/reports/psps-post-event-reports/2019-and-earlier/sdge-de-energization-report-jan-27-29-2018.pdf,
63,no_matching_page,sdge__sdge_de_energization_report_jan_27_29_2018,SDG&E,2018,complaints_reported,How many complaints does the report say were received about this PSPS event?,one_or_more; zero; not_stated,,,,https://www.cpuc.ca.gov/-/media/cpuc-website/divisions/safety-and-enforcement-division/reports/psps-post-event-reports/2019-and-earlier/sdge-de-energization-report-jan-27-29-2018.pdf,
64,no_matching_page,sdge__sdge_de_energization_report_nov_89_2018,SDG&E,2018,canceled_after_notice,Were any customers or areas notified of a possible power shutoff in this event but then not de-energized?,yes; no; not_stated,,,,https://www.cpuc.ca.gov/-/media/cpuc-website/divisions/safety-and-enforcement-division/reports/psps-post-event-reports/2019-and-earlier/sdge-de-energization-report_nov-89-2018.pdf,
65,no_matching_page,sdge__sdge_de_energization_report_oct_15_16_2018,SDG&E,2018,canceled_after_notice,Were any customers or areas notified of a possible power shutoff in this event but then not de-energized?,yes; no; not_stated,,,,https://www.cpuc.ca.gov/-/media/cpuc-website/divisions/safety-and-enforcement-division/reports/psps-post-event-reports/2019-and-earlier/sdge-de-energization-report-oct-15-16-2018.pdf,
66,no_matching_page,sdge__sdge_de_energization_report_oct_20_21_2017,SDG&E,2017,canceled_after_notice,Were any customers or areas notified of a possible power shutoff in this event but then not de-energized?,yes; no; not_stated,,,,https://www.cpuc.ca.gov/-/media/cpuc-website/divisions/safety-and-enforcement-division/reports/psps-post-event-reports/2019-and-earlier/sdge-de-energization-report-oct-20-21-2017.pdf,
67,no_matching_page,sdge__sdge_de_energization_report_oct_20_21_2017,SDG&E,2017,claims_reported,How many claims does the report say were filed against the utility because of this PSPS event?,one_or_more; zero; not_stated,,,,https://www.cpuc.ca.gov/-/media/cpuc-website/divisions/safety-and-enforcement-division/reports/psps-post-event-reports/2019-and-earlier/sdge-de-energization-report-oct-20-21-2017.pdf,
68,no_matching_page,sdge__sdge_de_energization_report_oct_20_21_2017,SDG&E,2017,complaints_reported,How many complaints does the report say were received about this PSPS event?,one_or_more; zero; not_stated,,,,https://www.cpuc.ca.gov/-/media/cpuc-website/divisions/safety-and-enforcement-division/reports/psps-post-event-reports/2019-and-earlier/sdge-de-energization-report-oct-20-21-2017.pdf,
69,no_matching_page,sdge__sdge_de_energization_report_sept_21_22_2017,SDG&E,2017,canceled_after_notice,Were any customers or areas notified of a possible power shutoff in this event but then not de-energized?,yes; no; not_stated,,,,https://www.cpuc.ca.gov/-/media/cpuc-website/divisions/safety-and-enforcement-division/reports/psps-post-event-reports/2019-and-earlier/sdge-de-energization-report-sept-21-22--2017.pdf,
70,no_matching_page,sdge__sdge_de_energization_report_sept_21_22_2017,SDG&E,2017,claims_reported,How many claims does the report say were filed against the utility because of this PSPS event?,one_or_more; zero; not_stated,,,,https://www.cpuc.ca.gov/-/media/cpuc-website/divisions/safety-and-enforcement-division/reports/psps-post-event-reports/2019-and-earlier/sdge-de-energization-report-sept-21-22--2017.pdf,
71,no_matching_page,sdge__sdge_de_energization_report_sept_21_22_2017,SDG&E,2017,complaints_reported,How many complaints does the report say were received about this PSPS event?,one_or_more; zero; not_stated,,,,https://www.cpuc.ca.gov/-/media/cpuc-website/divisions/safety-and-enforcement-division/reports/psps-post-event-reports/2019-and-earlier/sdge-de-energization-report-sept-21-22--2017.pdf,
72,no_matching_page,sdge__sdgedeenergizationreportoct23252017,SDG&E,2017,canceled_after_notice,Were any customers or areas notified of a possible power shutoff in this event but then not de-energized?,yes; no; not_stated,,,,https://www.cpuc.ca.gov/-/media/cpuc-website/divisions/safety-and-enforcement-division/reports/psps-post-event-reports/2019-and-earlier/sdgedeenergizationreportoct23252017.pdf,
73,no_matching_page,sdge__sdgedeenergizationreportoct23252017,SDG&E,2017,claims_reported,How many claims does the report say were filed against the utility because of this PSPS event?,one_or_more; zero; not_stated,,,,https://www.cpuc.ca.gov/-/media/cpuc-website/divisions/safety-and-enforcement-division/reports/psps-post-event-reports/2019-and-earlier/sdgedeenergizationreportoct23252017.pdf,
74,no_matching_page,sdge__sdgedeenergizationreportoct23252017,SDG&E,2017,complaints_reported,How many complaints does the report say were received about this PSPS event?,one_or_more; zero; not_stated,,,,https://www.cpuc.ca.gov/-/media/cpuc-website/divisions/safety-and-enforcement-division/reports/psps-post-event-reports/2019-and-earlier/sdgedeenergizationreportoct23252017.pdf,
75,low_confidence,sce__sce_nov_9_2025_psps_post_event_report,SCE,2025,wind_threshold_cited,Does the report state that observed or forecast wind speeds or gusts met or exceeded the utility's de-energization threshold or wind criterion in an area that was de-energized?,met; not_met; not_stated,not_met,0.13,8;9;10;11;12;13;16;39,https://www.cpuc.ca.gov/-/media/cpuc-website/divisions/safety-and-enforcement-division/reports/psps-post-event-reports/2025/sce-nov-9-2025-psps-post-event-report.pdf,
76,low_confidence,pge__pge_october_14_16_2021_psps_post_event_report,PG&E,2021,mbl_advance_notice,"Did every Medical Baseline (MBL) customer who lost power in this event have a notification delivered before their power was shut off? A delivered notification or a door-hanger visit counts even if the customer did not confirm receipt. MBL customers who were in scope but never lost power do not count. If the pages say no customers were de-energized in this event, choose not_applicable.",all_notified; some_not_notified; not_stated; not_applicable,some_not_notified,0.21,7;8;9;38;41;42;47;48,https://www.cpuc.ca.gov/-/media/cpuc-website/divisions/safety-and-enforcement-division/reports/psps-post-event-reports/2021/pge-october-14-16-2021-psps-post-event-report.pdf,
77,low_confidence,sce__sce_psps_post_event_report_7_11_2023_event,SCE,2023,canceled_after_notice,Were any customers or areas notified of a possible power shutoff in this event but then not de-energized?,yes; no; not_stated,not_stated,0.21,8;9;19;20;24;26;27;28,https://www.cpuc.ca.gov/-/media/cpuc-website/divisions/safety-and-enforcement-division/reports/psps-post-event-reports/2023/sce-psps-post-event-report-7-11-2023-event.pdf,
78,low_confidence,sce__sce_oct_16_2020_psps_post_event_report,SCE,2020,mbl_advance_notice,"Did every Medical Baseline (MBL) customer who lost power in this event have a notification delivered before their power was shut off? A delivered notification or a door-hanger visit counts even if the customer did not confirm receipt. MBL customers who were in scope but never lost power do not count. If the pages say no customers were de-energized in this event, choose not_applicable.",all_notified; some_not_notified; not_stated; not_applicable,not_stated,0.22,38,https://www.cpuc.ca.gov/-/media/cpuc-website/files/uploadedfiles/cpucwebsite/content/news_room/newsupdates/2020/sce-oct-16-2020-psps-post-event-report.pdf,
79,low_confidence,sce__sce_psps_postevent_report_nov_1517_2019_1222019,SCE,2019,wind_threshold_cited,Does the report state that observed or forecast wind speeds or gusts met or exceeded the utility's de-energization threshold or wind criterion in an area that was de-energized?,met; not_met; not_stated,not_met,0.24,3;4;5;7;9;11;13,https://www.cpuc.ca.gov/-/media/cpuc-website/divisions/safety-and-enforcement-division/reports/psps-post-event-reports/2019/sce-psps-postevent-report-nov-1517-2019-1222019.pdf,
80,low_confidence,pge__pge_psps_report_letter_june_7_9_2019,PG&E,2019,complaints_reported,How many complaints does the report say were received about this PSPS event?,one_or_more; zero; not_stated,not_stated,0.25,6;7;26;27,https://www.cpuc.ca.gov/-/media/cpuc-website/divisions/safety-and-enforcement-division/reports/psps-post-event-reports/2019/pge-psps-postevent-report-june-79-2019-amended.pdf,
81,low_confidence,pge__pge_sept_7_10_2020_psps_post_event_report,PG&E,2020,wind_threshold_cited,Does the report state that observed or forecast wind speeds or gusts met or exceeded the utility's de-energization threshold or wind criterion in an area that was de-energized?,met; not_met; not_stated,met,0.25,2;3;8;9;12;13;14;150,https://www.cpuc.ca.gov/-/media/cpuc-website/files/uploadedfiles/cpucwebsite/content/news_room/newsupdates/2020/pge-sept-7-10-2020-psps-post-event-report.pdf,
82,low_confidence,sdge__sdge_de_energization_report_nov_11_16_2018,SDG&E,2018,wind_threshold_cited,Does the report state that observed or forecast wind speeds or gusts met or exceeded the utility's de-energization threshold or wind criterion in an area that was de-energized?,met; not_met; not_stated,not_stated,0.25,2;3;18;51;52;55;58;60,https://www.cpuc.ca.gov/-/media/cpuc-website/divisions/safety-and-enforcement-division/reports/psps-post-event-reports/2019-and-earlier/sdge-de-energization-report-nov-11-16-2018.pdf,
83,low_confidence,sce__r1812005_sce_psps_post_event_for_july_19_2024_high_threat,SCE,2024,wind_threshold_cited,Does the report state that observed or forecast wind speeds or gusts met or exceeded the utility's de-energization threshold or wind criterion in an area that was de-energized?,met; not_met; not_stated,not_met,0.28,9;10;11;12;13;14;19;62,https://www.cpuc.ca.gov/-/media/cpuc-website/divisions/safety-and-enforcement-division/reports/psps-post-event-reports/2024/r1812005-sce-psps-post-event-for-july-19-2024-high-threat.pdf,
84,low_confidence,sce__sce_october_16_18_2021_psps_post_event_report,SCE,2021,claims_reported,How many claims does the report say were filed against the utility because of this PSPS event?,one_or_more; zero; not_stated,not_stated,0.28,3;5;6;7;14;28;29,https://www.cpuc.ca.gov/-/media/cpuc-website/divisions/safety-and-enforcement-division/reports/psps-post-event-reports/2021/sce-october-16-18-2021-psps-post-event-report.pdf,
85,low_confidence,sce__r1812005sce_psps_post_event_report_for_61424_high_threat_event,SCE,2024,wind_threshold_cited,Does the report state that observed or forecast wind speeds or gusts met or exceeded the utility's de-energization threshold or wind criterion in an area that was de-energized?,met; not_met; not_stated,not_met,0.29,8;9;10;11;13;17;30;55,https://www.cpuc.ca.gov/-/media/cpuc-website/divisions/safety-and-enforcement-division/reports/psps-post-event-reports/2024/r1812005sce-psps-post-event-report-for-61424-high-threat-event.pdf,
86,low_confidence,sce__sce_psps_postevent_reportaug_310_2019_8222019,SCE,2019,claims_reported,How many claims does the report say were filed against the utility because of this PSPS event?,one_or_more; zero; not_stated,not_stated,0.29,3;4;10;11,https://www.cpuc.ca.gov/-/media/cpuc-website/consumer-support/documents/psps/2019/sce/sce-psps-postevent-reportaug-310-2019-8222019.pdf,
87,low_confidence,sdge__sdge_de_energization_report_dec_14_15_2017,SDG&E,2017,canceled_after_notice,Were any customers or areas notified of a possible power shutoff in this event but then not de-energized?,yes; no; not_stated,not_stated,0.29,4;5,https://www.cpuc.ca.gov/-/media/cpuc-website/divisions/safety-and-enforcement-division/reports/psps-post-event-reports/2019-and-earlier/sdge-de-energization-report-dec-14-15-2017.pdf,
88,low_confidence,sce__nov_24_28_2020_sce_psps_post_event_report,SCE,2020,mbl_advance_notice,"Did every Medical Baseline (MBL) customer who lost power in this event have a notification delivered before their power was shut off? A delivered notification or a door-hanger visit counts even if the customer did not confirm receipt. MBL customers who were in scope but never lost power do not count. If the pages say no customers were de-energized in this event, choose not_applicable.",all_notified; some_not_notified; not_stated; not_applicable,not_stated,0.3,3;4;16;17;18;50,https://www.cpuc.ca.gov/-/media/cpuc-website/files/uploadedfiles/cpucwebsite/content/news_room/newsupdates/2020/nov-24-28-2020-sce-psps-post-event-report.pdf,
89,low_confidence,sce__sce_psps_postevent_reportaug_1217_2019_8302019,SCE,2019,complaints_reported,How many complaints does the report say were received about this PSPS event?,one_or_more; zero; not_stated,zero,0.3,3;4;9;10,https://www.cpuc.ca.gov/-/media/cpuc-website/divisions/safety-and-enforcement-division/reports/psps-post-event-reports/2019/sce-psps-postevent-reportaug-1217-2019-8302019.pdf,
90,low_confidence,sdge__sdge_de_energization_report_jan_27_29_2018,SDG&E,2018,mbl_advance_notice,"Did every Medical Baseline (MBL) customer who lost power in this event have a notification delivered before their power was shut off? A delivered notification or a door-hanger visit counts even if the customer did not confirm receipt. MBL customers who were in scope but never lost power do not count. If the pages say no customers were de-energized in this event, choose not_applicable.",all_notified; some_not_notified; not_stated; not_applicable,not_stated,0.3,4;6,https://www.cpuc.ca.gov/-/media/cpuc-website/divisions/safety-and-enforcement-division/reports/psps-post-event-reports/2019-and-earlier/sdge-de-energization-report-jan-27-29-2018.pdf,
91,low_confidence,pge__pge_psps_report_letter_june_7_9_2019,PG&E,2019,wind_threshold_cited,Does the report state that observed or forecast wind speeds or gusts met or exceeded the utility's de-energization threshold or wind criterion in an area that was de-energized?,met; not_met; not_stated,met,0.31,6;7;8;9;27;28,https://www.cpuc.ca.gov/-/media/cpuc-website/divisions/safety-and-enforcement-division/reports/psps-post-event-reports/2019/pge-psps-postevent-report-june-79-2019-amended.pdf,
92,low_confidence,pge__r1812005pge71526_psps_postevent_report073026,PG&E,2026,mbl_advance_notice,"Did every Medical Baseline (MBL) customer who lost power in this event have a notification delivered before their power was shut off? A delivered notification or a door-hanger visit counts even if the customer did not confirm receipt. MBL customers who were in scope but never lost power do not count. If the pages say no customers were de-energized in this event, choose not_applicable.",all_notified; some_not_notified; not_stated; not_applicable,all_notified,0.31,7;8;10;31;39;40;94;95,https://www.cpuc.ca.gov/-/media/cpuc-website/divisions/safety-and-enforcement-division/reports/psps-post-event-reports/2026/r1812005pge71526-psps-postevent-report073026.pdf,
93,low_confidence,sce__r1812005_sce_psps_post_event_for_may_22_2025_high_threat,SCE,2025,wind_threshold_cited,Does the report state that observed or forecast wind speeds or gusts met or exceeded the utility's de-energization threshold or wind criterion in an area that was de-energized?,met; not_met; not_stated,not_stated,0.31,8;9;10;11;12;81;82;85,https://www.cpuc.ca.gov/-/media/cpuc-website/divisions/safety-and-enforcement-division/reports/psps-post-event-reports/2025/r1812005-sce-psps-post-event-for-may-22-2025-high-threat.pdf,
94,low_confidence,sce__r1812005sce_psps_postevent_for_november_4_2024_deenergization,SCE,2024,mbl_advance_notice,"Did every Medical Baseline (MBL) customer who lost power in this event have a notification delivered before their power was shut off? A delivered notification or a door-hanger visit counts even if the customer did not confirm receipt. MBL customers who were in scope but never lost power do not count. If the pages say no customers were de-energized in this event, choose not_applicable.",all_notified; some_not_notified; not_stated; not_applicable,some_not_notified,0.31,8;9;10;21;26;27;42;45,https://www.cpuc.ca.gov/-/media/cpuc-website/divisions/safety-and-enforcement-division/reports/psps-post-event-reports/2024/r1812005sce-psps-postevent-for-november-4-2024-deenergization.pdf,
95,low_confidence,sce__r1812005_sce_psps_post_event_report_for_11_24_22_de_energization_event,SCE,2022,mbl_advance_notice,"Did every Medical Baseline (MBL) customer who lost power in this event have a notification delivered before their power was shut off? A delivered notification or a door-hanger visit counts even if the customer did not confirm receipt. MBL customers who were in scope but never lost power do not count. If the pages say no customers were de-energized in this event, choose not_applicable.",all_notified; some_not_notified; not_stated; not_applicable,all_notified,0.32,8;9;10;21;22;29;30;38,https://www.cpuc.ca.gov/-/media/cpuc-website/divisions/safety-and-enforcement-division/reports/psps-post-event-reports/2022/r1812005-sce-psps-post-event-report-for-11-24-22-de-energization-event.pdf,
96,low_confidence,sdge__sdge_de_energization_report_jan_27_29_2018,SDG&E,2018,wind_threshold_cited,Does the report state that observed or forecast wind speeds or gusts met or exceeded the utility's de-energization threshold or wind criterion in an area that was de-energized?,met; not_met; not_stated,met,0.33,2;3;6,https://www.cpuc.ca.gov/-/media/cpuc-website/divisions/safety-and-enforcement-division/reports/psps-post-event-reports/2019-and-earlier/sdge-de-energization-report-jan-27-29-2018.pdf,
97,low_confidence,pge__r1812005_pge06192025_psps_post_event_report_072125,PG&E,2025,mbl_advance_notice,"Did every Medical Baseline (MBL) customer who lost power in this event have a notification delivered before their power was shut off? A delivered notification or a door-hanger visit counts even if the customer did not confirm receipt. MBL customers who were in scope but never lost power do not count. If the pages say no customers were de-energized in this event, choose not_applicable.",all_notified; some_not_notified; not_stated; not_applicable,all_notified,0.34,4;5;7;23;27;34;67;68,https://www.cpuc.ca.gov/-/media/cpuc-website/divisions/safety-and-enforcement-division/reports/psps-post-event-reports/2025/r1812005--pge06192025-psps-post-event-report_072125.pdf,
98,low_confidence,sce__r1812005_sce_psps_post_event_report_for_12_9_23_de_energization_event,SCE,2023,mbl_advance_notice,"Did every Medical Baseline (MBL) customer who lost power in this event have a notification delivered before their power was shut off? A delivered notification or a door-hanger visit counts even if the customer did not confirm receipt. MBL customers who were in scope but never lost power do not count. If the pages say no customers were de-energized in this event, choose not_applicable.",all_notified; some_not_notified; not_stated; not_applicable,all_notified,0.34,8;9;10;22;23;28;29;50,https://www.cpuc.ca.gov/-/media/cpuc-website/divisions/safety-and-enforcement-division/reports/psps-post-event-reports/2023/r1812005-sce-psps-post-event-report-for-12-9-23-de-energization-event.pdf,
99,low_confidence,sce__sce_psps_post_event_report_for_06_15_22,SCE,2022,wind_threshold_cited,Does the report state that observed or forecast wind speeds or gusts met or exceeded the utility's de-energization threshold or wind criterion in an area that was de-energized?,met; not_met; not_stated,not_met,0.35,8;9;10;11;13;14;18;19,https://www.cpuc.ca.gov/-/media/cpuc-website/divisions/safety-and-enforcement-division/reports/psps-post-event-reports/2022/sce-psps-post-event-report-for-06-15-22.pdf,
100,low_confidence,sdge__sdge_post_event_psps_report_october_20november_1_0,SDG&E,2019,wind_threshold_cited,Does the report state that observed or forecast wind speeds or gusts met or exceeded the utility's de-energization threshold or wind criterion in an area that was de-energized?,met; not_met; not_stated,met,0.35,3;4;5;6;7;515;529;545,https://www.cpuc.ca.gov/-/media/cpuc-website/divisions/safety-and-enforcement-division/reports/psps-post-event-reports/2019/sdge-post-event-psps-report_october-20november-1_0.pdf,
101,low_confidence,sce__2020_11_29_sce_psps_post_event_report_final,SCE,2020,mbl_advance_notice,"Did every Medical Baseline (MBL) customer who lost power in this event have a notification delivered before their power was shut off? A delivered notification or a door-hanger visit counts even if the customer did not confirm receipt. MBL customers who were in scope but never lost power do not count. If the pages say no customers were de-energized in this event, choose not_applicable.",all_notified; some_not_notified; not_stated; not_applicable,some_not_notified,0.36,3;4;26;27;28;59,https://www.cpuc.ca.gov/-/media/cpuc-website/files/uploadedfiles/cpucwebsite/content/news_room/newsupdates/2020/2020-11-29-sce-psps-post-event-report-final.pdf,
102,low_confidence,sce__20241217sce_psps_post_event_reportdeenergized_final,SCE,2024,mbl_advance_notice,"Did every Medical Baseline (MBL) customer who lost power in this event have a notification delivered before their power was shut off? A delivered notification or a door-hanger visit counts even if the customer did not confirm receipt. MBL customers who were in scope but never lost power do not count. If the pages say no customers were de-energized in this event, choose not_applicable.",all_notified; some_not_notified; not_stated; not_applicable,all_notified,0.36,5;6;7;18;23;24;31;42,https://www.cpuc.ca.gov/-/media/cpuc-website/divisions/safety-and-enforcement-division/reports/psps-post-event-reports/2024/20241217sce-psps-post-event-reportdeenergized-final.pdf,
103,low_confidence,sce__r1812005_sce_psps_post_event_for_july_23_2025_de_energization,SCE,2025,wind_threshold_cited,Does the report state that observed or forecast wind speeds or gusts met or exceeded the utility's de-energization threshold or wind criterion in an area that was de-energized?,met; not_met; not_stated,not_stated,0.36,7;8;9;10;11;12;17;54,https://www.cpuc.ca.gov/-/media/cpuc-website/divisions/safety-and-enforcement-division/reports/psps-post-event-reports/2025/r1812005-sce-psps-post-event-for-july-23-2025-de--energization.pdf,
104,low_confidence,sce__r1812005_sce_psps_post_event_for_july_26_2024_high_threat,SCE,2024,wind_threshold_cited,Does the report state that observed or forecast wind speeds or gusts met or exceeded the utility's de-energization threshold or wind criterion in an area that was de-energized?,met; not_met; not_stated,not_stated,0.37,9;10;11;13;18;60;61;64,https://www.cpuc.ca.gov/-/media/cpuc-website/divisions/safety-and-enforcement-division/reports/psps-post-event-reports/2024/r1812005-sce-psps-post-event-for-july-26-2024-high-threat.pdf,
105,low_confidence,sce__r1812005_sce_psps_postevent_report_for_11092023_deenergization_event,SCE,2023,mbl_advance_notice,"Did every Medical Baseline (MBL) customer who lost power in this event have a notification delivered before their power was shut off? A delivered notification or a door-hanger visit counts even if the customer did not confirm receipt. MBL customers who were in scope but never lost power do not count. If the pages say no customers were de-energized in this event, choose not_applicable.",all_notified; some_not_notified; not_stated; not_applicable,some_not_notified,0.37,7;8;19;20;26;27;35;47,https://www.cpuc.ca.gov/-/media/cpuc-website/divisions/safety-and-enforcement-division/reports/psps-post-event-reports/2023/r1812005-sce-psps-postevent-report-for-11092023-deenergization-event.pdf,
106,low_confidence,sce__r1812005sce_psps_postevent_for_june_10_2025_deenergization,SCE,2025,mbl_advance_notice,"Did every Medical Baseline (MBL) customer who lost power in this event have a notification delivered before their power was shut off? A delivered notification or a door-hanger visit counts even if the customer did not confirm receipt. MBL customers who were in scope but never lost power do not count. If the pages say no customers were de-energized in this event, choose not_applicable.",all_notified; some_not_notified; not_stated; not_applicable,some_not_notified,0.38,8;9;10;19;24;25;41;42,https://www.cpuc.ca.gov/-/media/cpuc-website/divisions/safety-and-enforcement-division/reports/psps-post-event-reports/2025/r1812005sce-psps-postevent-for-june-10-2025-deenergization.pdf,
107,low_confidence,sce__r1812005sce_psps_postevent_report_for_july_15_2026_deenergization,SCE,2026,wind_threshold_cited,Does the report state that observed or forecast wind speeds or gusts met or exceeded the utility's de-energization threshold or wind criterion in an area that was de-energized?,met; not_met; not_stated,not_stated,0.38,8;9;10;11;12;13;16;91,https://www.cpuc.ca.gov/-/media/cpuc-website/divisions/safety-and-enforcement-division/reports/psps-post-event-reports/2026/r1812005sce-psps-postevent-report-for-july-15-2026-deenergization.pdf,
108,low_confidence,sce__sce_apr_1213_2021psps_post_event_report,SCE,2021,mbl_advance_notice,"Did every Medical Baseline (MBL) customer who lost power in this event have a notification delivered before their power was shut off? A delivered notification or a door-hanger visit counts even if the customer did not confirm receipt. MBL customers who were in scope but never lost power do not count. If the pages say no customers were de-energized in this event, choose not_applicable.",all_notified; some_not_notified; not_stated; not_applicable,not_stated,0.38,9;34,https://www.cpuc.ca.gov/-/media/cpuc-website/divisions/safety-and-enforcement-division/reports/psps-post-event-reports/2021/sce-apr-1213-2021psps-post-event-report.pdf,
109,low_confidence,sdge__sdge_de_energization_report_dec_14_15_2017,SDG&E,2017,wind_threshold_cited,Does the report state that observed or forecast wind speeds or gusts met or exceeded the utility's de-energization threshold or wind criterion in an area that was de-energized?,met; not_met; not_stated,met,0.38,2;3;6;11;22;23;42;78,https://www.cpuc.ca.gov/-/media/cpuc-website/divisions/safety-and-enforcement-division/reports/psps-post-event-reports/2019-and-earlier/sdge-de-energization-report-dec-14-15-2017.pdf,
110,low_confidence,sce__r1812005_sce_psps_post_event_for_july_23_2025_de_energization,SCE,2025,mbl_advance_notice,"Did every Medical Baseline (MBL) customer who lost power in this event have a notification delivered before their power was shut off? A delivered notification or a door-hanger visit counts even if the customer did not confirm receipt. MBL customers who were in scope but never lost power do not count. If the pages say no customers were de-energized in this event, choose not_applicable.",all_notified; some_not_notified; not_stated; not_applicable,all_notified,0.39,7;8;9;18;23;24;30;48,https://www.cpuc.ca.gov/-/media/cpuc-website/divisions/safety-and-enforcement-division/reports/psps-post-event-reports/2025/r1812005-sce-psps-post-event-for-july-23-2025-de--energization.pdf,
111,low_confidence,sce__r1812005_sce_psps_post_event_for_july_1_2025_de_energization,SCE,2025,mbl_advance_notice,"Did every Medical Baseline (MBL) customer who lost power in this event have a notification delivered before their power was shut off? A delivered notification or a door-hanger visit counts even if the customer did not confirm receipt. MBL customers who were in scope but never lost power do not count. If the pages say no customers were de-energized in this event, choose not_applicable.",all_notified; some_not_notified; not_stated; not_applicable,all_notified,0.4,8;9;10;19;20;24;25;41,https://www.cpuc.ca.gov/-/media/cpuc-website/divisions/safety-and-enforcement-division/reports/psps-post-event-reports/2025/r1812005-sce-psps-post-event-for-july-1-2025-de--energization.pdf,
112,low_confidence,sce__sce_october_11_2021_psps_post_event_report,SCE,2021,mbl_advance_notice,"Did every Medical Baseline (MBL) customer who lost power in this event have a notification delivered before their power was shut off? A delivered notification or a door-hanger visit counts even if the customer did not confirm receipt. MBL customers who were in scope but never lost power do not count. If the pages say no customers were de-energized in this event, choose not_applicable.",all_notified; some_not_notified; not_stated; not_applicable,all_notified,0.4,9;10;21;22;26;27;75;79,https://www.cpuc.ca.gov/-/media/cpuc-website/divisions/safety-and-enforcement-division/reports/psps-post-event-reports/2021/sce-october-11-2021-psps-post-event-report.pdf,
113,low_confidence,sdge__sdge_de_energization_report_dec_4_2017,SDG&E,2017,wind_threshold_cited,Does the report state that observed or forecast wind speeds or gusts met or exceeded the utility's de-energization threshold or wind criterion in an area that was de-energized?,met; not_met; not_stated,met,0.41,2;3;8;20;31;32;51;87,https://www.cpuc.ca.gov/-/media/cpuc-website/divisions/safety-and-enforcement-division/reports/psps-post-event-reports/2019-and-earlier/sdge-de-energization-report-dec-4-2017.pdf,
114,low_confidence,sce__r1812005sce_psps_postevent_for_november_20_2024_deenergization,SCE,2024,mbl_advance_notice,"Did every Medical Baseline (MBL) customer who lost power in this event have a notification delivered before their power was shut off? A delivered notification or a door-hanger visit counts even if the customer did not confirm receipt. MBL customers who were in scope but never lost power do not count. If the pages say no customers were de-energized in this event, choose not_applicable.",all_notified; some_not_notified; not_stated; not_applicable,all_notified,0.42,8;9;10;20;21;26;27;42,https://www.cpuc.ca.gov/-/media/cpuc-website/divisions/safety-and-enforcement-division/reports/psps-post-event-reports/2024/r1812005sce-psps-postevent-for-november-20-2024-deenergization.pdf,
115,low_confidence,sce__sce_esrb_8_report_regarding_october_12_through_october_16_2018,SCE,2018,complaints_reported,How many complaints does the report say were received about this PSPS event?,one_or_more; zero; not_stated,one_or_more,0.42,9;10,https://www.cpuc.ca.gov/-/media/cpuc-website/divisions/safety-and-enforcement-division/reports/psps-post-event-reports/2019-and-earlier/sce-esrb-8-report-regarding-october-12-through-october-16-2018.pdf,
116,low_confidence,sce__sce_psps_postevent_reportaug_1217_2019_8302019,SCE,2019,claims_reported,How many claims does the report say were filed against the utility because of this PSPS event?,one_or_more; zero; not_stated,zero,0.42,3;4;9;10,https://www.cpuc.ca.gov/-/media/cpuc-website/divisions/safety-and-enforcement-division/reports/psps-post-event-reports/2019/sce-psps-postevent-reportaug-1217-2019-8302019.pdf,
117,low_confidence,sdge__r1812005_sdge_psps_postevent_report_dec_911_2024_1_10_2025,SDG&E,2024,mbl_advance_notice,"Did every Medical Baseline (MBL) customer who lost power in this event have a notification delivered before their power was shut off? A delivered notification or a door-hanger visit counts even if the customer did not confirm receipt. MBL customers who were in scope but never lost power do not count. If the pages say no customers were de-energized in this event, choose not_applicable.",all_notified; some_not_notified; not_stated; not_applicable,all_notified,0.42,6;7;8;45;46;76;110;111,https://www.cpuc.ca.gov/-/media/cpuc-website/divisions/safety-and-enforcement-division/reports/psps-post-event-reports/2024/r1812005-sdge-psps-postevent-report-dec-911-2024--1-10-2025.pdf,
118,low_confidence,sce__r1812005_sce_psps_post_event_report_for_9_7_24_de_energization_event,SCE,2024,mbl_advance_notice,"Did every Medical Baseline (MBL) customer who lost power in this event have a notification delivered before their power was shut off? A delivered notification or a door-hanger visit counts even if the customer did not confirm receipt. MBL customers who were in scope but never lost power do not count. If the pages say no customers were de-energized in this event, choose not_applicable.",all_notified; some_not_notified; not_stated; not_applicable,all_notified,0.43,8;9;10;22;23;27;28;45,https://www.cpuc.ca.gov/-/media/cpuc-website/divisions/safety-and-enforcement-division/reports/psps-post-event-reports/2024/r1812005-sce-psps-post-event-report-for-9-7-24-de-energization-event.pdf,
119,low_confidence,sce__2021614sce_post_event_report_final,SCE,2021,complaints_reported,How many complaints does the report say were received about this PSPS event?,one_or_more; zero; not_stated,zero,0.44,3;4;5;12;13,https://www.cpuc.ca.gov/-/media/cpuc-website/divisions/safety-and-enforcement-division/documents/2021614sce-post-event-report-final.pdf,
120,low_confidence,sce__r1812005_sce_psps_postevent_report_for_112421,SCE,2021,mbl_advance_notice,"Did every Medical Baseline (MBL) customer who lost power in this event have a notification delivered before their power was shut off? A delivered notification or a door-hanger visit counts even if the customer did not confirm receipt. MBL customers who were in scope but never lost power do not count. If the pages say no customers were de-energized in this event, choose not_applicable.",all_notified; some_not_notified; not_stated; not_applicable,all_notified,0.44,9;10;11;22;23;30;31;39,https://www.cpuc.ca.gov/-/media/cpuc-website/divisions/safety-and-enforcement-division/reports/psps-post-event-reports/2021/r1812005-sce-psps-postevent-report-for-112421.pdf,
121,low_confidence,sce__r1812005sce_psps_postevent_report_for_93021,SCE,2021,canceled_after_notice,Were any customers or areas notified of a possible power shutoff in this event but then not de-energized?,yes; no; not_stated,not_stated,0.44,9;10;58;61;67,https://www.cpuc.ca.gov/-/media/cpuc-website/divisions/safety-and-enforcement-division/reports/psps-post-event-reports/2021/r1812005sce-psps-postevent-report-for-93021.pdf,
122,low_confidence,sdge__sdge_de_energization_report_oct_19_20_2018,SDG&E,2018,wind_threshold_cited,Does the report state that observed or forecast wind speeds or gusts met or exceeded the utility's de-energization threshold or wind criterion in an area that was de-energized?,met; not_met; not_stated,met,0.44,2;3;7,https://www.cpuc.ca.gov/-/media/cpuc-website/divisions/safety-and-enforcement-division/reports/psps-post-event-reports/2019-and-earlier/sdge-de-energization-report-oct-19-20-2018.pdf,
123,low_confidence,sdge__sdge_sept_8_9_2020_psps_post_event_report,SDG&E,2020,wind_threshold_cited,Does the report state that observed or forecast wind speeds or gusts met or exceeded the utility's de-energization threshold or wind criterion in an area that was de-energized?,met; not_met; not_stated,not_stated,0.44,3;4;6;7;8;12,https://www.cpuc.ca.gov/-/media/cpuc-website/files/uploadedfiles/cpucwebsite/content/news_room/newsupdates/2020/sdge-sept-8-9-2020-psps-post-event-report.pdf,
124,low_confidence,sce__sce_october_15_2021_psps_post_event_report,SCE,2021,mbl_advance_notice,"Did every Medical Baseline (MBL) customer who lost power in this event have a notification delivered before their power was shut off? A delivered notification or a door-hanger visit counts even if the customer did not confirm receipt. MBL customers who were in scope but never lost power do not count. If the pages say no customers were de-energized in this event, choose not_applicable.",all_notified; some_not_notified; not_stated; not_applicable,all_notified,0.45,9;10;11;21;26;27;88;89,https://www.cpuc.ca.gov/-/media/cpuc-website/divisions/safety-and-enforcement-division/reports/psps-post-event-reports/2021/sce-october-15-2021-psps-post-event-report.pdf,
125,low_confidence,pge__pspsreportletter092021,PG&E,2021,mbl_advance_notice,"Did every Medical Baseline (MBL) customer who lost power in this event have a notification delivered before their power was shut off? A delivered notification or a door-hanger visit counts even if the customer did not confirm receipt. MBL customers who were in scope but never lost power do not count. If the pages say no customers were de-energized in this event, choose not_applicable.",all_notified; some_not_notified; not_stated; not_applicable,some_not_notified,0.46,4;5;6;40;41;47;48;49,https://www.cpuc.ca.gov/-/media/cpuc-website/divisions/safety-and-enforcement-division/reports/psps-post-event-reports/2021/pspsreportletter092021.pdf,
126,low_confidence,sce__sce_oct_23_28_2020_psps_post_event_report,SCE,2020,canceled_after_notice,Were any customers or areas notified of a possible power shutoff in this event but then not de-energized?,yes; no; not_stated,yes,0.47,3;4;9;13;14,https://www.cpuc.ca.gov/-/media/cpuc-website/files/uploadedfiles/cpucwebsite/content/news_room/newsupdates/2020/sce-oct-23-28-2020-psps-post-event-report.pdf,
127,low_confidence,pge__pge_psps_report_letter_oct_13_17_2018,PG&E,2018,mbl_advance_notice,"Did every Medical Baseline (MBL) customer who lost power in this event have a notification delivered before their power was shut off? A delivered notification or a door-hanger visit counts even if the customer did not confirm receipt. MBL customers who were in scope but never lost power do not count. If the pages say no customers were de-energized in this event, choose not_applicable.",all_notified; some_not_notified; not_stated; not_applicable,all_notified,0.48,2;3;9;12,https://www.cpuc.ca.gov/-/media/cpuc-website/divisions/safety-and-enforcement-division/reports/psps-post-event-reports/2019-and-earlier/pge-psps-report-letter-oct-13-17-2018.pdf,
128,low_confidence,pge__pge_public_safety_power_shutoff_oct_56_2019_report,PG&E,2019,mbl_advance_notice,"Did every Medical Baseline (MBL) customer who lost power in this event have a notification delivered before their power was shut off? A delivered notification or a door-hanger visit counts even if the customer did not confirm receipt. MBL customers who were in scope but never lost power do not count. If the pages say no customers were de-energized in this event, choose not_applicable.",all_notified; some_not_notified; not_stated; not_applicable,all_notified,0.48,5;6;7;9;10;13;14;22,https://www.cpuc.ca.gov/-/media/cpuc-website/divisions/safety-and-enforcement-division/reports/psps-post-event-reports/2019/pge-psps-postevent-report-oct-56-2019-amended.pdf,
129,low_confidence,sce__r1812005_sce_psps_post_event_for_october_1_2024_de_energization,SCE,2024,canceled_after_notice,Were any customers or areas notified of a possible power shutoff in this event but then not de-energized?,yes; no; not_stated,yes,0.48,73;74;75,https://www.cpuc.ca.gov/-/media/cpuc-website/divisions/safety-and-enforcement-division/reports/psps-post-event-reports/2024/r1812005-sce-psps-post-event-for-october-1-2024-de-energization.pdf,
130,low_confidence,sce__r1812005_sce_psps_post_event_report_for_9_15_24_high_threat_event,SCE,2024,wind_threshold_cited,Does the report state that observed or forecast wind speeds or gusts met or exceeded the utility's de-energization threshold or wind criterion in an area that was de-energized?,met; not_met; not_stated,not_stated,0.48,8;9;10;11;12;58;59;62,https://www.cpuc.ca.gov/-/media/cpuc-website/divisions/safety-and-enforcement-division/reports/psps-post-event-reports/2024/r1812005-sce-psps-post-event-report-for-9-15-24-high-threat-event.pdf,
131,low_confidence,sce__sce_psps_post_event_report_10_11_2023_event,SCE,2023,wind_threshold_cited,Does the report state that observed or forecast wind speeds or gusts met or exceeded the utility's de-energization threshold or wind criterion in an area that was de-energized?,met; not_met; not_stated,not_stated,0.48,8;9;10;11;12;17;18;62,https://www.cpuc.ca.gov/-/media/cpuc-website/divisions/safety-and-enforcement-division/reports/psps-post-event-reports/2023/sce-psps-post-event-report-10-11-2023-event.pdf,
132,low_confidence,pge__pge_sept_27_29_2020_psps_post_event_report,PG&E,2020,mbl_advance_notice,"Did every Medical Baseline (MBL) customer who lost power in this event have a notification delivered before their power was shut off? A delivered notification or a door-hanger visit counts even if the customer did not confirm receipt. MBL customers who were in scope but never lost power do not count. If the pages say no customers were de-energized in this event, choose not_applicable.",all_notified; some_not_notified; not_stated; not_applicable,all_notified,0.49,4;5;9;10;26;29;30;34,https://www.cpuc.ca.gov/-/media/cpuc-website/files/uploadedfiles/cpuc_public_website/content/news_room/news_and_updates/pge-sept-27-29-2020-psps-post-event-report.pdf,
133,low_confidence,sce__r1812005sce_psps_postevent_for_november_5_2025_deenergization,SCE,2025,mbl_advance_notice,"Did every Medical Baseline (MBL) customer who lost power in this event have a notification delivered before their power was shut off? A delivered notification or a door-hanger visit counts even if the customer did not confirm receipt. MBL customers who were in scope but never lost power do not count. If the pages say no customers were de-energized in this event, choose not_applicable.",all_notified; some_not_notified; not_stated; not_applicable,all_notified,0.49,8;9;10;21;25;26;31;50,https://www.cpuc.ca.gov/-/media/cpuc-website/divisions/safety-and-enforcement-division/reports/psps-post-event-reports/2025/sce-nov-5/r1812005sce-psps-postevent-for-november-5-2025-deenergization.pdf,
134,low_confidence,pge__pge_psps_report_8_30_2023_event,PG&E,2023,mbl_advance_notice,"Did every Medical Baseline (MBL) customer who lost power in this event have a notification delivered before their power was shut off? A delivered notification or a door-hanger visit counts even if the customer did not confirm receipt. MBL customers who were in scope but never lost power do not count. If the pages say no customers were de-energized in this event, choose not_applicable.",all_notified; some_not_notified; not_stated; not_applicable,not_stated,0.5,3;4;5;49;100,https://www.cpuc.ca.gov/-/media/cpuc-website/divisions/safety-and-enforcement-division/reports/psps-post-event-reports/2023/pge-psps-report-8-30-2023-event.pdf,
135,low_confidence,sce__r1812005_sce_psps_post_event_for_august_10_2025_de_energization,SCE,2025,mbl_advance_notice,"Did every Medical Baseline (MBL) customer who lost power in this event have a notification delivered before their power was shut off? A delivered notification or a door-hanger visit counts even if the customer did not confirm receipt. MBL customers who were in scope but never lost power do not count. If the pages say no customers were de-energized in this event, choose not_applicable.",all_notified; some_not_notified; not_stated; not_applicable,all_notified,0.5,8;9;10;20;25;26;83;84,https://www.cpuc.ca.gov/-/media/cpuc-website/divisions/safety-and-enforcement-division/reports/psps-post-event-reports/2025/r1812005-sce-psps-post-event-for-august-10-2025-de--energization.pdf,
136,low_confidence,sce__r1812005_sce_psps_post_event_report_for_9_9_22,SCE,2022,mbl_advance_notice,"Did every Medical Baseline (MBL) customer who lost power in this event have a notification delivered before their power was shut off? A delivered notification or a door-hanger visit counts even if the customer did not confirm receipt. MBL customers who were in scope but never lost power do not count. If the pages say no customers were de-energized in this event, choose not_applicable.",all_notified; some_not_notified; not_stated; not_applicable,not_applicable,0.5,65;66;118,https://www.cpuc.ca.gov/-/media/cpuc-website/divisions/safety-and-enforcement-division/reports/psps-post-event-reports/2022/r1812005-sce-psps-post-event-report-for-9-9-22.pdf,
137,low_confidence,sce__r1812005sce_psps_postevent_report_for_93021,SCE,2021,mbl_advance_notice,"Did every Medical Baseline (MBL) customer who lost power in this event have a notification delivered before their power was shut off? A delivered notification or a door-hanger visit counts even if the customer did not confirm receipt. MBL customers who were in scope but never lost power do not count. If the pages say no customers were de-energized in this event, choose not_applicable.",all_notified; some_not_notified; not_stated; not_applicable,not_applicable,0.5,9;10;20;21;22;23;61;62,https://www.cpuc.ca.gov/-/media/cpuc-website/divisions/safety-and-enforcement-division/reports/psps-post-event-reports/2021/r1812005sce-psps-postevent-report-for-93021.pdf,
138,low_confidence,sce__sce_psps_postevent_reportoct_27nov_4_2019_11192019,SCE,2019,mbl_advance_notice,"Did every Medical Baseline (MBL) customer who lost power in this event have a notification delivered before their power was shut off? A delivered notification or a door-hanger visit counts even if the customer did not confirm receipt. MBL customers who were in scope but never lost power do not count. If the pages say no customers were de-energized in this event, choose not_applicable.",all_notified; some_not_notified; not_stated; not_applicable,not_stated,0.51,3;4;10;16;19;20;21,https://www.cpuc.ca.gov/-/media/cpuc-website/divisions/safety-and-enforcement-division/reports/psps-post-event-reports/2019/sce-psps-postevent-reportoct-27nov-4-2019-11192019.pdf,
139,low_confidence,sce__sce_sept_5_11_2020_psps_post_event_report,SCE,2020,mbl_advance_notice,"Did every Medical Baseline (MBL) customer who lost power in this event have a notification delivered before their power was shut off? A delivered notification or a door-hanger visit counts even if the customer did not confirm receipt. MBL customers who were in scope but never lost power do not count. If the pages say no customers were de-energized in this event, choose not_applicable.",all_notified; some_not_notified; not_stated; not_applicable,not_stated,0.51,4;5;14;15;16;204;205,https://www.cpuc.ca.gov/-/media/cpuc-website/files/uploadedfiles/cpuc_public_website/content/news_room/news_and_updates/sce-amended-sept-5-11-2020-psps-post-event-report.pdf,
140,low_confidence,pge__pge_psps_post_event_report_20240702,PG&E,2024,mbl_advance_notice,"Did every Medical Baseline (MBL) customer who lost power in this event have a notification delivered before their power was shut off? A delivered notification or a door-hanger visit counts even if the customer did not confirm receipt. MBL customers who were in scope but never lost power do not count. If the pages say no customers were de-energized in this event, choose not_applicable.",all_notified; some_not_notified; not_stated; not_applicable,all_notified,0.52,4;5;6;37;38;39;40;45,https://www.cpuc.ca.gov/-/media/cpuc-website/divisions/safety-and-enforcement-division/reports/psps-post-event-reports/2024/pge_psps_post-event_report_20240702-amended-redlined.pdf,
141,low_confidence,sdge__sdge_psps_post_event_report_december_23_24_final,SDG&E,2020,mbl_advance_notice,"Did every Medical Baseline (MBL) customer who lost power in this event have a notification delivered before their power was shut off? A delivered notification or a door-hanger visit counts even if the customer did not confirm receipt. MBL customers who were in scope but never lost power do not count. If the pages say no customers were de-energized in this event, choose not_applicable.",all_notified; some_not_notified; not_stated; not_applicable,not_stated,0.52,6;15;16;35;37;48;50;52,https://www.cpuc.ca.gov/-/media/cpuc-website/divisions/safety-and-enforcement-division/reports/psps-post-event-reports/2020/sdge-psps-post-event-report_december-23-24-final.pdf,
142,low_confidence,sce__r1812005_sce_psps_post_event_report_for_9_9_22,SCE,2022,canceled_after_notice,Were any customers or areas notified of a possible power shutoff in this event but then not de-energized?,yes; no; not_stated,no,0.53,65;66;67;74;75,https://www.cpuc.ca.gov/-/media/cpuc-website/divisions/safety-and-enforcement-division/reports/psps-post-event-reports/2022/r1812005-sce-psps-post-event-report-for-9-9-22.pdf,
143,low_confidence,sce__r1812005_sce_psps_post_event_report_for_11_19_22_de_energization_event,SCE,2022,mbl_advance_notice,"Did every Medical Baseline (MBL) customer who lost power in this event have a notification delivered before their power was shut off? A delivered notification or a door-hanger visit counts even if the customer did not confirm receipt. MBL customers who were in scope but never lost power do not count. If the pages say no customers were de-energized in this event, choose not_applicable.",all_notified; some_not_notified; not_stated; not_applicable,some_not_notified,0.54,8;9;20;21;27;28;35,https://www.cpuc.ca.gov/-/media/cpuc-website/divisions/safety-and-enforcement-division/reports/psps-post-event-reports/2022/r1812005-sce-psps-post-event-report-for-11-19-22-de-energization-event.pdf,
144,low_confidence,sce__r1812005sce_psps_postevent_for_october_8_2025_deenergization,SCE,2025,wind_threshold_cited,Does the report state that observed or forecast wind speeds or gusts met or exceeded the utility's de-energization threshold or wind criterion in an area that was de-energized?,met; not_met; not_stated,met,0.54,8;9;10;11;12;14;17;39,https://www.cpuc.ca.gov/-/media/cpuc-website/divisions/safety-and-enforcement-division/reports/psps-post-event-reports/2025/r1812005sce-psps-postevent-for-october-8-2025-deenergization.pdf,
145,low_confidence,sce__sce_nov_2326_2019_psps_postevent_report,SCE,2019,complaints_reported,How many complaints does the report say were received about this PSPS event?,one_or_more; zero; not_stated,one_or_more,0.54,3;4;11;12,https://www.cpuc.ca.gov/-/media/cpuc-website/divisions/safety-and-enforcement-division/reports/psps-post-event-reports/2019/sce-nov-2326-2019-psps-postevent-report.pdf,
146,low_confidence,sce__sce_psps_postevent_reportaug_310_2019_8222019,SCE,2019,complaints_reported,How many complaints does the report say were received about this PSPS event?,one_or_more; zero; not_stated,not_stated,0.54,3;4;10;11,https://www.cpuc.ca.gov/-/media/cpuc-website/consumer-support/documents/psps/2019/sce/sce-psps-postevent-reportaug-310-2019-8222019.pdf,
147,low_confidence,pge__pge_public_safety_power_shutoff_nov_2021_2019_report,PG&E,2019,wind_threshold_cited,Does the report state that observed or forecast wind speeds or gusts met or exceeded the utility's de-energization threshold or wind criterion in an area that was de-energized?,met; not_met; not_stated,not_stated,0.55,1;2;5;7;8;9;10;30,https://www.cpuc.ca.gov/-/media/cpuc-website/divisions/safety-and-enforcement-division/reports/psps-post-event-reports/2019/pge-psps-postevent-report-nov-20-2019-amended.pdf,
148,low_confidence,pge__psps_event_12_02_20_de_energization_report_final,PG&E,2020,wind_threshold_cited,Does the report state that observed or forecast wind speeds or gusts met or exceeded the utility's de-energization threshold or wind criterion in an area that was de-energized?,met; not_met; not_stated,not_stated,0.55,4;5;13;14;51;56;58;59,https://www.cpuc.ca.gov/-/media/cpuc-website/files/uploadedfiles/cpucwebsite/content/news_room/newsupdates/2020/psps-event-12-02-20-de-energization-report-final.pdf,
149,low_confidence,pge__public_safety_power_shutoff_sept_25_27_2019,PG&E,2019,wind_threshold_cited,Does the report state that observed or forecast wind speeds or gusts met or exceeded the utility's de-energization threshold or wind criterion in an area that was de-energized?,met; not_met; not_stated,met,0.55,9;10;11;12;13;14;54;65,https://www.cpuc.ca.gov/-/media/cpuc-website/divisions/safety-and-enforcement-division/reports/psps-post-event-reports/2019/pge-psps-postevent-report-sept-25-2019-amended.pdf,
150,low_confidence,sce__sce_psps_postevent_report_for_june_26_2026_deenergization,SCE,2026,wind_threshold_cited,Does the report state that observed or forecast wind speeds or gusts met or exceeded the utility's de-energization threshold or wind criterion in an area that was de-energized?,met; not_met; not_stated,met,0.55,7;8;9;10;15;39;88;89,https://www.cpuc.ca.gov/-/media/cpuc-website/divisions/safety-and-enforcement-division/reports/psps-post-event-reports/2026/sce-2026/sce-psps-postevent-report-for-june-26-2026-deenergization.pdf,
151,low_confidence,sdge__r1812005_sdge_psps_postevent_report_dec_911_2024_1_10_2025,SDG&E,2024,wind_threshold_cited,Does the report state that observed or forecast wind speeds or gusts met or exceeded the utility's de-energization threshold or wind criterion in an area that was de-energized?,met; not_met; not_stated,met,0.55,6;7;8;10;11;26;75;76,https://www.cpuc.ca.gov/-/media/cpuc-website/divisions/safety-and-enforcement-division/reports/psps-post-event-reports/2024/r1812005-sdge-psps-postevent-report-dec-911-2024--1-10-2025.pdf,
152,low_confidence,pge__jan_19_2021_pge_post_event_report,PG&E,2021,mbl_advance_notice,"Did every Medical Baseline (MBL) customer who lost power in this event have a notification delivered before their power was shut off? A delivered notification or a door-hanger visit counts even if the customer did not confirm receipt. MBL customers who were in scope but never lost power do not count. If the pages say no customers were de-energized in this event, choose not_applicable.",all_notified; some_not_notified; not_stated; not_applicable,all_notified,0.56,4;5;9;10;29;33;34;36,https://www.cpuc.ca.gov/-/media/cpuc-website/divisions/safety-and-enforcement-division/reports/psps-post-event-reports/2021/jan-19-2021-pge-post-event-report.pdf,
153,low_confidence,sce__20231029_sce_psps_post_event_reportdeenergizedfinal,SCE,2023,mbl_advance_notice,"Did every Medical Baseline (MBL) customer who lost power in this event have a notification delivered before their power was shut off? A delivered notification or a door-hanger visit counts even if the customer did not confirm receipt. MBL customers who were in scope but never lost power do not count. If the pages say no customers were de-energized in this event, choose not_applicable.",all_notified; some_not_notified; not_stated; not_applicable,all_notified,0.56,5;6;7;19;20;26;27;28,https://www.cpuc.ca.gov/-/media/cpuc-website/divisions/safety-and-enforcement-division/reports/psps-post-event-reports/2023/20231029-sce-psps-post-event-reportdeenergizedfinal.pdf,
154,low_confidence,sce__r1812005_sce_psps_post_event_for_july_1_2025_de_energization,SCE,2025,wind_threshold_cited,Does the report state that observed or forecast wind speeds or gusts met or exceeded the utility's de-energization threshold or wind criterion in an area that was de-energized?,met; not_met; not_stated,met,0.56,8;9;10;11;12;17;18;40,https://www.cpuc.ca.gov/-/media/cpuc-website/divisions/safety-and-enforcement-division/reports/psps-post-event-reports/2025/r1812005-sce-psps-post-event-for-july-1-2025-de--energization.pdf,
155,low_confidence,sce__r1812005_sce_psps_post_event_report_for_11_20_23_de_energization_event,SCE,2023,mbl_advance_notice,"Did every Medical Baseline (MBL) customer who lost power in this event have a notification delivered before their power was shut off? A delivered notification or a door-hanger visit counts even if the customer did not confirm receipt. MBL customers who were in scope but never lost power do not count. If the pages say no customers were de-energized in this event, choose not_applicable.",all_notified; some_not_notified; not_stated; not_applicable,all_notified,0.56,8;9;10;21;22;28;29;30,https://www.cpuc.ca.gov/-/media/cpuc-website/divisions/safety-and-enforcement-division/reports/psps-post-event-reports/2023/r1812005-sce-psps-post-event-report-for-11-20-23-de-energization-event.pdf,
156,low_confidence,sce__sce_esrb_8_report_regarding_november_5_through_november_13_2018,SCE,2018,wind_threshold_cited,Does the report state that observed or forecast wind speeds or gusts met or exceeded the utility's de-energization threshold or wind criterion in an area that was de-energized?,met; not_met; not_stated,met,0.56,3;4;5;6;10,https://www.cpuc.ca.gov/-/media/cpuc-website/divisions/safety-and-enforcement-division/reports/psps-post-event-reports/2019-and-earlier/sce-esrb-8-report-regarding-november-5-through-november-13-2018.pdf,
157,low_confidence,pge__pge_sept_27_29_2020_psps_post_event_report,PG&E,2020,wind_threshold_cited,Does the report state that observed or forecast wind speeds or gusts met or exceeded the utility's de-energization threshold or wind criterion in an area that was de-energized?,met; not_met; not_stated,met,0.57,4;5;15;16;21;22;23;24,https://www.cpuc.ca.gov/-/media/cpuc-website/files/uploadedfiles/cpuc_public_website/content/news_room/news_and_updates/pge-sept-27-29-2020-psps-post-event-report.pdf,
158,low_confidence,pge__r1812005pge51726_psps_postevent_reports1,PG&E,2026,mbl_advance_notice,"Did every Medical Baseline (MBL) customer who lost power in this event have a notification delivered before their power was shut off? A delivered notification or a door-hanger visit counts even if the customer did not confirm receipt. MBL customers who were in scope but never lost power do not count. If the pages say no customers were de-energized in this event, choose not_applicable.",all_notified; some_not_notified; not_stated; not_applicable,all_notified,0.57,7;8;9;30;41;42;96;97,https://www.cpuc.ca.gov/-/media/cpuc-website/divisions/safety-and-enforcement-division/reports/psps-post-event-reports/2026/r1812005pge51726-psps-postevent-reports1.pdf,
159,low_confidence,sce__jan_1221_2021_sce_psps_post_event_report,SCE,2021,mbl_advance_notice,"Did every Medical Baseline (MBL) customer who lost power in this event have a notification delivered before their power was shut off? A delivered notification or a door-hanger visit counts even if the customer did not confirm receipt. MBL customers who were in scope but never lost power do not count. If the pages say no customers were de-energized in this event, choose not_applicable.",all_notified; some_not_notified; not_stated; not_applicable,not_stated,0.57,66;77;78,https://www.cpuc.ca.gov/-/media/cpuc-website/divisions/safety-and-enforcement-division/reports/psps-post-event-reports/2021/sce-jan-1221-2021-psps-post-event-report-amended.pdf,
160,low_confidence,sce__nov_14_18_2020_sce_psps_post_event_report,SCE,2020,claims_reported,How many claims does the report say were filed against the utility because of this PSPS event?,one_or_more; zero; not_stated,zero,0.57,3;4;8;9,https://www.cpuc.ca.gov/-/media/cpuc-website/files/uploadedfiles/cpucwebsite/content/news_room/newsupdates/2020/nov-14-18-2020-sce-psps-post-event-report.pdf,
161,low_confidence,pge__r1812005psps_event_93010152024,PG&E,2024,mbl_advance_notice,"Did every Medical Baseline (MBL) customer who lost power in this event have a notification delivered before their power was shut off? A delivered notification or a door-hanger visit counts even if the customer did not confirm receipt. MBL customers who were in scope but never lost power do not count. If the pages say no customers were de-energized in this event, choose not_applicable.",all_notified; some_not_notified; not_stated; not_applicable,all_notified,0.58,4;5;7;25;44;45;46;47,https://www.cpuc.ca.gov/-/media/cpuc-website/divisions/safety-and-enforcement-division/reports/psps-post-event-reports/2024/pge_psps_post-event-report_20240930-amended-redlined.pdf,
162,low_confidence,sce__r1812005_sce_psps_post_event_for_december_9_2024_de_energization,SCE,2024,mbl_advance_notice,"Did every Medical Baseline (MBL) customer who lost power in this event have a notification delivered before their power was shut off? A delivered notification or a door-hanger visit counts even if the customer did not confirm receipt. MBL customers who were in scope but never lost power do not count. If the pages say no customers were de-energized in this event, choose not_applicable.",all_notified; some_not_notified; not_stated; not_applicable,some_not_notified,0.58,8;9;10;21;25;26;27;43,https://www.cpuc.ca.gov/-/media/cpuc-website/divisions/safety-and-enforcement-division/reports/psps-post-event-reports/2024/r1812005-sce-psps-post-event-for-december-9-2024-de-energization.pdf,
163,low_confidence,sce__r1812005_sce_psps_postevent_report_for_112121,SCE,2021,mbl_advance_notice,"Did every Medical Baseline (MBL) customer who lost power in this event have a notification delivered before their power was shut off? A delivered notification or a door-hanger visit counts even if the customer did not confirm receipt. MBL customers who were in scope but never lost power do not count. If the pages say no customers were de-energized in this event, choose not_applicable.",all_notified; some_not_notified; not_stated; not_applicable,all_notified,0.58,9;10;11;23;24;32;33;99,https://www.cpuc.ca.gov/-/media/cpuc-website/divisions/safety-and-enforcement-division/reports/psps-post-event-reports/2021/r1812005-sce-psps-postevent-report-for-112121.pdf,
164,low_confidence,pge__pge_psps_report_8_30_2023_event,PG&E,2023,wind_threshold_cited,Does the report state that observed or forecast wind speeds or gusts met or exceeded the utility's de-energization threshold or wind criterion in an area that was de-energized?,met; not_met; not_stated,not_stated,0.59,1;3;4;5;91;94;97;98,https://www.cpuc.ca.gov/-/media/cpuc-website/divisions/safety-and-enforcement-division/reports/psps-post-event-reports/2023/pge-psps-report-8-30-2023-event.pdf,
165,low_confidence,sce__sce_oct_23_28_2020_psps_post_event_report,SCE,2020,mbl_advance_notice,"Did every Medical Baseline (MBL) customer who lost power in this event have a notification delivered before their power was shut off? A delivered notification or a door-hanger visit counts even if the customer did not confirm receipt. MBL customers who were in scope but never lost power do not count. If the pages say no customers were de-energized in this event, choose not_applicable.",all_notified; some_not_notified; not_stated; not_applicable,some_not_notified,0.59,3;4;20;21;22;540,https://www.cpuc.ca.gov/-/media/cpuc-website/files/uploadedfiles/cpucwebsite/content/news_room/newsupdates/2020/sce-oct-23-28-2020-psps-post-event-report.pdf,
166,low_confidence,pge__jan_19_2021_pge_post_event_report,PG&E,2021,wind_threshold_cited,Does the report state that observed or forecast wind speeds or gusts met or exceeded the utility's de-energization threshold or wind criterion in an area that was de-energized?,met; not_met; not_stated,met,0.61,4;5;15;16;55;60;64;67,https://www.cpuc.ca.gov/-/media/cpuc-website/divisions/safety-and-enforcement-division/reports/psps-post-event-reports/2021/jan-19-2021-pge-post-event-report.pdf,
167,low_confidence,sce__r1812005_sce_psps_post_event_for_july_15_2025_de_energization,SCE,2025,wind_threshold_cited,Does the report state that observed or forecast wind speeds or gusts met or exceeded the utility's de-energization threshold or wind criterion in an area that was de-energized?,met; not_met; not_stated,met,0.61,8;9;10;11;12;17;33;54,https://www.cpuc.ca.gov/-/media/cpuc-website/divisions/safety-and-enforcement-division/reports/psps-post-event-reports/2025/r1812005-sce-psps-post-event-for-july-15-2025-de--energization.pdf,
168,low_confidence,sce__r1812005sce_psps_postevent_for_august_1_2025_de_energization,SCE,2025,mbl_advance_notice,"Did every Medical Baseline (MBL) customer who lost power in this event have a notification delivered before their power was shut off? A delivered notification or a door-hanger visit counts even if the customer did not confirm receipt. MBL customers who were in scope but never lost power do not count. If the pages say no customers were de-energized in this event, choose not_applicable.",all_notified; some_not_notified; not_stated; not_applicable,some_not_notified,0.61,8;9;10;19;20;23;24;25,https://www.cpuc.ca.gov/-/media/cpuc-website/divisions/safety-and-enforcement-division/reports/psps-post-event-reports/2025/r1812005sce-psps-postevent-for-august-1-2025-de-energization.pdf,
169,low_confidence,sce__sce_esrb_8_report_dec_29_2018_jan1_2019,SCE,2019,wind_threshold_cited,Does the report state that observed or forecast wind speeds or gusts met or exceeded the utility's de-energization threshold or wind criterion in an area that was de-energized?,met; not_met; not_stated,met,0.61,3;4;7,https://www.cpuc.ca.gov/-/media/cpuc-website/divisions/safety-and-enforcement-division/reports/psps-post-event-reports/2019-and-earlier/sce-esrb-8-report-dec-29-2018-jan1-2019.pdf,
170,low_confidence,sce__r1812005sce_psps_postevent_for_june_10_2025_deenergization,SCE,2025,wind_threshold_cited,Does the report state that observed or forecast wind speeds or gusts met or exceeded the utility's de-energization threshold or wind criterion in an area that was de-energized?,met; not_met; not_stated,met,0.62,8;9;10;11;17;18;38;39,https://www.cpuc.ca.gov/-/media/cpuc-website/divisions/safety-and-enforcement-division/reports/psps-post-event-reports/2025/r1812005sce-psps-postevent-for-june-10-2025-deenergization.pdf,
171,low_confidence,pge__07_05_2024_psps_post_event_report_20240719,PG&E,2024,wind_threshold_cited,Does the report state that observed or forecast wind speeds or gusts met or exceeded the utility's de-energization threshold or wind criterion in an area that was de-energized?,met; not_met; not_stated,not_stated,0.63,4;5;6;7;8;11;14;44,https://www.cpuc.ca.gov/-/media/cpuc-website/divisions/safety-and-enforcement-division/reports/psps-post-event-reports/2024/07-05-2024_psps_post-event_report_20240719.pdf,
172,low_confidence,sce__r1812005_sce_psps_post_event_report_for_11_26_23_high_threat_event,SCE,2023,wind_threshold_cited,Does the report state that observed or forecast wind speeds or gusts met or exceeded the utility's de-energization threshold or wind criterion in an area that was de-energized?,met; not_met; not_stated,not_stated,0.63,8;9;10;11;12;17;18;68,https://www.cpuc.ca.gov/-/media/cpuc-website/divisions/safety-and-enforcement-division/reports/psps-post-event-reports/2023/r1812005-sce-psps-post-event-report-for-11-26-23-high-threat-event.pdf,
173,low_confidence,sce__sce_psps_post_event_report_7_11_2023_event,SCE,2023,mbl_advance_notice,"Did every Medical Baseline (MBL) customer who lost power in this event have a notification delivered before their power was shut off? A delivered notification or a door-hanger visit counts even if the customer did not confirm receipt. MBL customers who were in scope but never lost power do not count. If the pages say no customers were de-energized in this event, choose not_applicable.",all_notified; some_not_notified; not_stated; not_applicable,not_applicable,0.63,8;9;20;21;26;27;43;46,https://www.cpuc.ca.gov/-/media/cpuc-website/divisions/safety-and-enforcement-division/reports/psps-post-event-reports/2023/sce-psps-post-event-report-7-11-2023-event.pdf,
174,low_confidence,pge__10_17_2024_psps_post_event_report,PG&E,2024,mbl_advance_notice,"Did every Medical Baseline (MBL) customer who lost power in this event have a notification delivered before their power was shut off? A delivered notification or a door-hanger visit counts even if the customer did not confirm receipt. MBL customers who were in scope but never lost power do not count. If the pages say no customers were de-energized in this event, choose not_applicable.",all_notified; some_not_notified; not_stated; not_applicable,all_notified,0.64,4;5;9;27;54;55;56;57,https://www.cpuc.ca.gov/-/media/cpuc-website/divisions/safety-and-enforcement-division/reports/psps-post-event-reports/2024/pge_psps_post-event-report_20241017-amended-redlined.pdf,
175,low_confidence,sce__20250104sce_psps_post_event_reportdeenergizedfinal,SCE,2025,wind_threshold_cited,Does the report state that observed or forecast wind speeds or gusts met or exceeded the utility's de-energization threshold or wind criterion in an area that was de-energized?,met; not_met; not_stated,met,0.64,6;7;8;9;10;12;14;17,https://www.cpuc.ca.gov/-/media/cpuc-website/divisions/safety-and-enforcement-division/reports/psps-post-event-reports/2025/20250104sce-psps-post-event-reportdeenergizedfinal.pdf,
176,low_confidence,sce__r1812005_sce_psps_post_event_for_july_15_2025_de_energization,SCE,2025,mbl_advance_notice,"Did every Medical Baseline (MBL) customer who lost power in this event have a notification delivered before their power was shut off? A delivered notification or a door-hanger visit counts even if the customer did not confirm receipt. MBL customers who were in scope but never lost power do not count. If the pages say no customers were de-energized in this event, choose not_applicable.",all_notified; some_not_notified; not_stated; not_applicable,all_notified,0.64,8;9;19;23;24;29;48;54,https://www.cpuc.ca.gov/-/media/cpuc-website/divisions/safety-and-enforcement-division/reports/psps-post-event-reports/2025/r1812005-sce-psps-post-event-for-july-15-2025-de--energization.pdf,
177,low_confidence,sce__r1812005sce_psps_postevent_for_july_22_2026_deenergization,SCE,2026,wind_threshold_cited,Does the report state that observed or forecast wind speeds or gusts met or exceeded the utility's de-energization threshold or wind criterion in an area that was de-energized?,met; not_met; not_stated,not_stated,0.64,7;8;9;10;14;39;88;89,https://www.cpuc.ca.gov/-/media/cpuc-website/divisions/safety-and-enforcement-division/reports/psps-post-event-reports/2026/r1812005sce-psps-postevent-for-july-22-2026-deenergization.pdf,
178,low_confidence,sce__sce_sept_5_11_2020_psps_post_event_report,SCE,2020,canceled_after_notice,Were any customers or areas notified of a possible power shutoff in this event but then not de-energized?,yes; no; not_stated,yes,0.64,4;5;9,https://www.cpuc.ca.gov/-/media/cpuc-website/files/uploadedfiles/cpuc_public_website/content/news_room/news_and_updates/sce-amended-sept-5-11-2020-psps-post-event-report.pdf,
179,low_confidence,sdge__sdge_psps_post_event_report_december_23_24_final,SDG&E,2020,canceled_after_notice,Were any customers or areas notified of a possible power shutoff in this event but then not de-energized?,yes; no; not_stated,not_stated,0.64,29;30;31;32,https://www.cpuc.ca.gov/-/media/cpuc-website/divisions/safety-and-enforcement-division/reports/psps-post-event-reports/2020/sdge-psps-post-event-report_december-23-24-final.pdf,
180,low_confidence,sce__sce_psps_postevent_report_oct_1221_2019_1112019,SCE,2019,claims_reported,How many claims does the report say were filed against the utility because of this PSPS event?,one_or_more; zero; not_stated,zero,0.65,3;4;12;13,https://www.cpuc.ca.gov/-/media/cpuc-website/divisions/safety-and-enforcement-division/reports/psps-post-event-reports/2019/sce-psps-postevent-report-oct-1221-2019-1112019.pdf,
181,low_confidence,sdge__sdge_sept_8_9_2020_psps_post_event_report,SDG&E,2020,canceled_after_notice,Were any customers or areas notified of a possible power shutoff in this event but then not de-energized?,yes; no; not_stated,not_stated,0.65,25;26,https://www.cpuc.ca.gov/-/media/cpuc-website/files/uploadedfiles/cpucwebsite/content/news_room/newsupdates/2020/sdge-sept-8-9-2020-psps-post-event-report.pdf,
182,low_confidence,sce__sce_psps_post_event_report_june_28july8_2019_7222019,SCE,2019,claims_reported,How many claims does the report say were filed against the utility because of this PSPS event?,one_or_more; zero; not_stated,not_stated,0.66,3;4;13;14,https://www.cpuc.ca.gov/-/media/cpuc-website/divisions/safety-and-enforcement-division/reports/psps-post-event-reports/2019/sce-psps-post-event-report-june-28july8-2019-7222019.pdf,
183,low_confidence,sce__sce_psps_postevent_report_for_june_26_2026_deenergization,SCE,2026,mbl_advance_notice,"Did every Medical Baseline (MBL) customer who lost power in this event have a notification delivered before their power was shut off? A delivered notification or a door-hanger visit counts even if the customer did not confirm receipt. MBL customers who were in scope but never lost power do not count. If the pages say no customers were de-energized in this event, choose not_applicable.",all_notified; some_not_notified; not_stated; not_applicable,all_notified,0.67,7;8;9;21;25;26;47;48,https://www.cpuc.ca.gov/-/media/cpuc-website/divisions/safety-and-enforcement-division/reports/psps-post-event-reports/2026/sce-2026/sce-psps-postevent-report-for-june-26-2026-deenergization.pdf,
184,low_confidence,sdge__sdge_post_event_psps_report_october_10_to_11_2019,SDG&E,2019,mbl_advance_notice,"Did every Medical Baseline (MBL) customer who lost power in this event have a notification delivered before their power was shut off? A delivered notification or a door-hanger visit counts even if the customer did not confirm receipt. MBL customers who were in scope but never lost power do not count. If the pages say no customers were de-energized in this event, choose not_applicable.",all_notified; some_not_notified; not_stated; not_applicable,not_stated,0.67,7;10;11;36;43;44;45;46,https://www.cpuc.ca.gov/-/media/cpuc-website/divisions/safety-and-enforcement-division/reports/psps-post-event-reports/2019/sdge-post-event-psps-report-october-10-to-11-2019.pdf,
185,low_confidence,pge__pge_oct_21_23_2020_psps_post_event_report,PG&E,2020,mbl_advance_notice,"Did every Medical Baseline (MBL) customer who lost power in this event have a notification delivered before their power was shut off? A delivered notification or a door-hanger visit counts even if the customer did not confirm receipt. MBL customers who were in scope but never lost power do not count. If the pages say no customers were de-energized in this event, choose not_applicable.",all_notified; some_not_notified; not_stated; not_applicable,all_notified,0.68,4;5;10;11;25;30;31;34,https://www.cpuc.ca.gov/-/media/cpuc-website/files/uploadedfiles/cpucwebsite/content/news_room/newsupdates/2020/pge-oct-21-23-2020-psps-post-event-report.pdf,
186,low_confidence,sce__r1812005_sce_psps_post_event_report_for_7_26_26_de_energization_event,SCE,2026,mbl_advance_notice,"Did every Medical Baseline (MBL) customer who lost power in this event have a notification delivered before their power was shut off? A delivered notification or a door-hanger visit counts even if the customer did not confirm receipt. MBL customers who were in scope but never lost power do not count. If the pages say no customers were de-energized in this event, choose not_applicable.",all_notified; some_not_notified; not_stated; not_applicable,all_notified,0.68,7;8;9;21;26;27;41;57,https://www.cpuc.ca.gov/-/media/cpuc-website/divisions/safety-and-enforcement-division/reports/psps-post-event-reports/2026/r1812005-sce-psps-post-event-report-for-7-26-26-de-energization-event.pdf,
187,low_confidence,sce__r1812005sce_psps_postevent_for_october_8_2025_deenergization,SCE,2025,mbl_advance_notice,"Did every Medical Baseline (MBL) customer who lost power in this event have a notification delivered before their power was shut off? A delivered notification or a door-hanger visit counts even if the customer did not confirm receipt. MBL customers who were in scope but never lost power do not count. If the pages say no customers were de-energized in this event, choose not_applicable.",all_notified; some_not_notified; not_stated; not_applicable,some_not_notified,0.68,8;9;10;19;20;24;25;62,https://www.cpuc.ca.gov/-/media/cpuc-website/divisions/safety-and-enforcement-division/reports/psps-post-event-reports/2025/r1812005sce-psps-postevent-for-october-8-2025-deenergization.pdf,
188,low_confidence,sce__r1812005sce_psps_postevent_report_for_july_15_2026_deenergization,SCE,2026,mbl_advance_notice,"Did every Medical Baseline (MBL) customer who lost power in this event have a notification delivered before their power was shut off? A delivered notification or a door-hanger visit counts even if the customer did not confirm receipt. MBL customers who were in scope but never lost power do not count. If the pages say no customers were de-energized in this event, choose not_applicable.",all_notified; some_not_notified; not_stated; not_applicable,all_notified,0.68,8;9;10;22;27;28;42;43,https://www.cpuc.ca.gov/-/media/cpuc-website/divisions/safety-and-enforcement-division/reports/psps-post-event-reports/2026/r1812005sce-psps-postevent-report-for-july-15-2026-deenergization.pdf,
189,low_confidence,sdge__sdge_oct_26_27_2020_psps_post_event_report,SDG&E,2020,wind_threshold_cited,Does the report state that observed or forecast wind speeds or gusts met or exceeded the utility's de-energization threshold or wind criterion in an area that was de-energized?,met; not_met; not_stated,met,0.68,3;4;5;6;8;9;10;21,https://www.cpuc.ca.gov/-/media/cpuc-website/files/uploadedfiles/cpucwebsite/content/news_room/newsupdates/2020/sdge-oct-26-27-2020-psps-post-event-report.pdf,
190,low_confidence,sce__2021614sce_post_event_report_final,SCE,2021,wind_threshold_cited,Does the report state that observed or forecast wind speeds or gusts met or exceeded the utility's de-energization threshold or wind criterion in an area that was de-energized?,met; not_met; not_stated,not_stated,0.69,4;5;6;7;8;12,https://www.cpuc.ca.gov/-/media/cpuc-website/divisions/safety-and-enforcement-division/documents/2021614sce-post-event-report-final.pdf,
191,low_confidence,sce__r1812005_sce_psps_post_event_for_october_8_2024_high_threat,SCE,2024,wind_threshold_cited,Does the report state that observed or forecast wind speeds or gusts met or exceeded the utility's de-energization threshold or wind criterion in an area that was de-energized?,met; not_met; not_stated,not_stated,0.69,8;9;10;11;12;13;67;68,https://www.cpuc.ca.gov/-/media/cpuc-website/divisions/safety-and-enforcement-division/reports/psps-post-event-reports/2024/r1812005-sce-psps-post-event-for-october-8-2024-high-threat.pdf,
192,low_confidence,sce__r1812005sce_psps_postevent_for_august_1_2025_de_energization,SCE,2025,wind_threshold_cited,Does the report state that observed or forecast wind speeds or gusts met or exceeded the utility's de-energization threshold or wind criterion in an area that was de-energized?,met; not_met; not_stated,met,0.69,8;9;10;11;14;17;18;36,https://www.cpuc.ca.gov/-/media/cpuc-website/divisions/safety-and-enforcement-division/reports/psps-post-event-reports/2025/r1812005sce-psps-postevent-for-august-1-2025-de-energization.pdf,
193,low_confidence,sce__sce_esrb_8_report_regarding_october_12_through_october_16_2018,SCE,2018,claims_reported,How many claims does the report say were filed against the utility because of this PSPS event?,one_or_more; zero; not_stated,not_stated,0.69,9;10,https://www.cpuc.ca.gov/-/media/cpuc-website/divisions/safety-and-enforcement-division/reports/psps-post-event-reports/2019-and-earlier/sce-esrb-8-report-regarding-october-12-through-october-16-2018.pdf,
194,low_confidence,sdge__sdge_oct_26_27_2020_psps_post_event_report,SDG&E,2020,canceled_after_notice,Were any customers or areas notified of a possible power shutoff in this event but then not de-energized?,yes; no; not_stated,not_stated,0.69,29;30,https://www.cpuc.ca.gov/-/media/cpuc-website/files/uploadedfiles/cpucwebsite/content/news_room/newsupdates/2020/sdge-oct-26-27-2020-psps-post-event-report.pdf,
195,low_confidence,pge__pge_october_11_2021_psps_post_event_report,PG&E,2021,mbl_advance_notice,"Did every Medical Baseline (MBL) customer who lost power in this event have a notification delivered before their power was shut off? A delivered notification or a door-hanger visit counts even if the customer did not confirm receipt. MBL customers who were in scope but never lost power do not count. If the pages say no customers were de-energized in this event, choose not_applicable.",all_notified; some_not_notified; not_stated; not_applicable,some_not_notified,0.7,4;5;6;43;44;50;51;52,https://www.cpuc.ca.gov/-/media/cpuc-website/divisions/safety-and-enforcement-division/reports/psps-post-event-reports/2021/pge-october-11-2021-psps-post-event-report.pdf,
196,low_confidence,pge__r1812005pge1132025_psps_postevent_report01020224,PG&E,2025,canceled_after_notice,Were any customers or areas notified of a possible power shutoff in this event but then not de-energized?,yes; no; not_stated,no,0.7,7;8;9;10;89;90;100;190,https://www.cpuc.ca.gov/-/media/cpuc-website/divisions/safety-and-enforcement-division/reports/psps-post-event-reports/2025/r1812005pge1132025-psps-postevent-report01020224.pdf,
197,low_confidence,pge__r1812005pge61026_psps_postevent_report62526,PG&E,2026,mbl_advance_notice,"Did every Medical Baseline (MBL) customer who lost power in this event have a notification delivered before their power was shut off? A delivered notification or a door-hanger visit counts even if the customer did not confirm receipt. MBL customers who were in scope but never lost power do not count. If the pages say no customers were de-energized in this event, choose not_applicable.",all_notified; some_not_notified; not_stated; not_applicable,all_notified,0.7,7;8;9;45;46;96;100;101,https://www.cpuc.ca.gov/-/media/cpuc-website/divisions/safety-and-enforcement-division/reports/psps-post-event-reports/2026/r1812005pge61026-psps-postevent-report62526.pdf,
198,low_confidence,sce__r1812005_sce_psps_post_event_report_for_7_26_26_de_energization_event,SCE,2026,wind_threshold_cited,Does the report state that observed or forecast wind speeds or gusts met or exceeded the utility's de-energization threshold or wind criterion in an area that was de-energized?,met; not_met; not_stated,met,0.7,7;8;9;10;11;12;39;89,https://www.cpuc.ca.gov/-/media/cpuc-website/divisions/safety-and-enforcement-division/reports/psps-post-event-reports/2026/r1812005-sce-psps-post-event-report-for-7-26-26-de-energization-event.pdf,
199,low_confidence,sce__r1812005sce_psps_postevent_for_november_5_2025_deenergization,SCE,2025,wind_threshold_cited,Does the report state that observed or forecast wind speeds or gusts met or exceeded the utility's de-energization threshold or wind criterion in an area that was de-energized?,met; not_met; not_stated,met,0.7,8;9;10;11;12;13;19;35,https://www.cpuc.ca.gov/-/media/cpuc-website/divisions/safety-and-enforcement-division/reports/psps-post-event-reports/2025/sce-nov-5/r1812005sce-psps-postevent-for-november-5-2025-deenergization.pdf,
200,low_confidence,sce__sce_nov_9_2025_psps_post_event_report,SCE,2025,mbl_advance_notice,"Did every Medical Baseline (MBL) customer who lost power in this event have a notification delivered before their power was shut off? A delivered notification or a door-hanger visit counts even if the customer did not confirm receipt. MBL customers who were in scope but never lost power do not count. If the pages say no customers were de-energized in this event, choose not_applicable.",all_notified; some_not_notified; not_stated; not_applicable,all_notified,0.7,8;9;10;22;26;27;57;58,https://www.cpuc.ca.gov/-/media/cpuc-website/divisions/safety-and-enforcement-division/reports/psps-post-event-reports/2025/sce-nov-9-2025-psps-post-event-report.pdf,
201,low_confidence,sce__r1812005sce_psps_postevent_for_december_31_2024_highthreat,SCE,2024,wind_threshold_cited,Does the report state that observed or forecast wind speeds or gusts met or exceeded the utility's de-energization threshold or wind criterion in an area that was de-energized?,met; not_met; not_stated,not_stated,0.71,8;9;10;11;12;58;59;62,https://www.cpuc.ca.gov/-/media/cpuc-website/divisions/safety-and-enforcement-division/reports/psps-post-event-reports/2024/r1812005sce-psps-postevent-for-december-31-2024-highthreat.pdf,
202,low_confidence,sce__r1812005sce_psps_postevent_for_october_28_2025_deenergization,SCE,2025,mbl_advance_notice,"Did every Medical Baseline (MBL) customer who lost power in this event have a notification delivered before their power was shut off? A delivered notification or a door-hanger visit counts even if the customer did not confirm receipt. MBL customers who were in scope but never lost power do not count. If the pages say no customers were de-energized in this event, choose not_applicable.",all_notified; some_not_notified; not_stated; not_applicable,all_notified,0.71,8;9;10;20;21;25;26;54,https://www.cpuc.ca.gov/-/media/cpuc-website/divisions/safety-and-enforcement-division/reports/psps-post-event-reports/2025/sce-oct-28/r1812005sce-psps-postevent-for-october-28-2025-deenergization.pdf,
203,low_confidence,sdge__r1812005_sdge_psps_postevent_reportjan_716_2025_eserve,SDG&E,2025,mbl_advance_notice,"Did every Medical Baseline (MBL) customer who lost power in this event have a notification delivered before their power was shut off? A delivered notification or a door-hanger visit counts even if the customer did not confirm receipt. MBL customers who were in scope but never lost power do not count. If the pages say no customers were de-energized in this event, choose not_applicable.",all_notified; some_not_notified; not_stated; not_applicable,all_notified,0.71,7;8;9;60;61;91;126;127,https://www.cpuc.ca.gov/-/media/cpuc-website/divisions/safety-and-enforcement-division/reports/psps-post-event-reports/2025/r1812005-sdge-amended-psps-post-event-report-jan-7-16--2025-2-28-2025-eserve.pdf,
204,low_confidence,sdge__sdge_sept_8_9_2020_psps_post_event_report,SDG&E,2020,mbl_advance_notice,"Did every Medical Baseline (MBL) customer who lost power in this event have a notification delivered before their power was shut off? A delivered notification or a door-hanger visit counts even if the customer did not confirm receipt. MBL customers who were in scope but never lost power do not count. If the pages say no customers were de-energized in this event, choose not_applicable.",all_notified; some_not_notified; not_stated; not_applicable,not_stated,0.71,10;13;14;29;33;79;90;96,https://www.cpuc.ca.gov/-/media/cpuc-website/files/uploadedfiles/cpucwebsite/content/news_room/newsupdates/2020/sdge-sept-8-9-2020-psps-post-event-report.pdf,
205,low_confidence,pge__pge_psps_post_event_report_20240702,PG&E,2024,wind_threshold_cited,Does the report state that observed or forecast wind speeds or gusts met or exceeded the utility's de-energization threshold or wind criterion in an area that was de-energized?,met; not_met; not_stated,met,0.72,4;5;6;7;8;18;19;67,https://www.cpuc.ca.gov/-/media/cpuc-website/divisions/safety-and-enforcement-division/reports/psps-post-event-reports/2024/pge_psps_post-event_report_20240702-amended-redlined.pdf,
206,low_confidence,sce__r1812005sce_psps_postevent_for_december_26_2024_highthreat,SCE,2024,wind_threshold_cited,Does the report state that observed or forecast wind speeds or gusts met or exceeded the utility's de-energization threshold or wind criterion in an area that was de-energized?,met; not_met; not_stated,not_stated,0.72,8;9;10;11;12;59;60;63,https://www.cpuc.ca.gov/-/media/cpuc-website/divisions/safety-and-enforcement-division/reports/psps-post-event-reports/2024/r1812005sce-psps-postevent-for-december-26-2024-highthreat.pdf,
207,low_confidence,sce__r1812005sce_psps_postevent_for_october_28_2025_deenergization,SCE,2025,wind_threshold_cited,Does the report state that observed or forecast wind speeds or gusts met or exceeded the utility's de-energization threshold or wind criterion in an area that was de-energized?,met; not_met; not_stated,met,0.72,8;9;10;11;12;14;19;38,https://www.cpuc.ca.gov/-/media/cpuc-website/divisions/safety-and-enforcement-division/reports/psps-post-event-reports/2025/sce-oct-28/r1812005sce-psps-postevent-for-october-28-2025-deenergization.pdf,
208,low_confidence,sce__sce_nov_2326_2019_psps_postevent_report,SCE,2019,claims_reported,How many claims does the report say were filed against the utility because of this PSPS event?,one_or_more; zero; not_stated,zero,0.72,3;4;11;12,https://www.cpuc.ca.gov/-/media/cpuc-website/divisions/safety-and-enforcement-division/reports/psps-post-event-reports/2019/sce-nov-2326-2019-psps-postevent-report.pdf,
209,low_confidence,sce__r1812005_sce_psps_post_event_for_december_9_2024_de_energization,SCE,2024,wind_threshold_cited,Does the report state that observed or forecast wind speeds or gusts met or exceeded the utility's de-energization threshold or wind criterion in an area that was de-energized?,met; not_met; not_stated,met,0.73,8;9;10;11;13;18;19;42,https://www.cpuc.ca.gov/-/media/cpuc-website/divisions/safety-and-enforcement-division/reports/psps-post-event-reports/2024/r1812005-sce-psps-post-event-for-december-9-2024-de-energization.pdf,
210,low_confidence,sce__r1812005_sce_psps_post_event_for_october_27_2024_de_energization,SCE,2024,mbl_advance_notice,"Did every Medical Baseline (MBL) customer who lost power in this event have a notification delivered before their power was shut off? A delivered notification or a door-hanger visit counts even if the customer did not confirm receipt. MBL customers who were in scope but never lost power do not count. If the pages say no customers were de-energized in this event, choose not_applicable.",all_notified; some_not_notified; not_stated; not_applicable,all_notified,0.73,9;10;11;22;27;28;42;43,https://www.cpuc.ca.gov/-/media/cpuc-website/divisions/safety-and-enforcement-division/reports/psps-post-event-reports/2024/r1812005-sce-psps-post-event-for-october-27-2024-de-energization.pdf,
211,low_confidence,sdge__sdge_de_energization_report_oct_15_16_2018,SDG&E,2018,wind_threshold_cited,Does the report state that observed or forecast wind speeds or gusts met or exceeded the utility's de-energization threshold or wind criterion in an area that was de-energized?,met; not_met; not_stated,not_stated,0.73,2;3;8,https://www.cpuc.ca.gov/-/media/cpuc-website/divisions/safety-and-enforcement-division/reports/psps-post-event-reports/2019-and-earlier/sdge-de-energization-report-oct-15-16-2018.pdf,
212,low_confidence,sdge__sdge_de_energization_report_sept_21_22_2017,SDG&E,2017,mbl_advance_notice,"Did every Medical Baseline (MBL) customer who lost power in this event have a notification delivered before their power was shut off? A delivered notification or a door-hanger visit counts even if the customer did not confirm receipt. MBL customers who were in scope but never lost power do not count. If the pages say no customers were de-energized in this event, choose not_applicable.",all_notified; some_not_notified; not_stated; not_applicable,not_applicable,0.73,3,https://www.cpuc.ca.gov/-/media/cpuc-website/divisions/safety-and-enforcement-division/reports/psps-post-event-reports/2019-and-earlier/sdge-de-energization-report-sept-21-22--2017.pdf,
213,low_confidence,sce__nov_3_7_2020_sce_psps_post_event_report,SCE,2020,complaints_reported,How many complaints does the report say were received about this PSPS event?,one_or_more; zero; not_stated,zero,0.75,7,https://www.cpuc.ca.gov/-/media/cpuc-website/files/uploadedfiles/cpucwebsite/content/news_room/newsupdates/2020/nov-3-7-2020-sce-psps-post-event-report.pdf,
214,low_confidence,sce__r1812005sce_psps_postevent_for_november_28_2024_highthreat_event,SCE,2024,wind_threshold_cited,Does the report state that observed or forecast wind speeds or gusts met or exceeded the utility's de-energization threshold or wind criterion in an area that was de-energized?,met; not_met; not_stated,not_stated,0.75,8;9;10;11;12;57;58;61,https://www.cpuc.ca.gov/-/media/cpuc-website/divisions/safety-and-enforcement-division/reports/psps-post-event-reports/2024/r1812005sce-psps-postevent-for-november-28-2024-highthreat-event.pdf,
215,low_confidence,sce__sce_october_16_18_2021_psps_post_event_report,SCE,2021,wind_threshold_cited,Does the report state that observed or forecast wind speeds or gusts met or exceeded the utility's de-energization threshold or wind criterion in an area that was de-energized?,met; not_met; not_stated,not_stated,0.75,5;6;7;8;9;10;16;17,https://www.cpuc.ca.gov/-/media/cpuc-website/divisions/safety-and-enforcement-division/reports/psps-post-event-reports/2021/sce-october-16-18-2021-psps-post-event-report.pdf,
216,low_confidence,sdge__sdge_post_event_psps_report_october_10_to_11_2019,SDG&E,2019,wind_threshold_cited,Does the report state that observed or forecast wind speeds or gusts met or exceeded the utility's de-energization threshold or wind criterion in an area that was de-energized?,met; not_met; not_stated,not_stated,0.75,2;3;4;39;63;64;67;69,https://www.cpuc.ca.gov/-/media/cpuc-website/divisions/safety-and-enforcement-division/reports/psps-post-event-reports/2019/sdge-post-event-psps-report-october-10-to-11-2019.pdf,
217,low_confidence,pge__r1812005pge71526_psps_postevent_report073026,PG&E,2026,wind_threshold_cited,Does the report state that observed or forecast wind speeds or gusts met or exceeded the utility's de-energization threshold or wind criterion in an area that was de-energized?,met; not_met; not_stated,not_stated,0.76,7;8;10;12;13;14;15;68,https://www.cpuc.ca.gov/-/media/cpuc-website/divisions/safety-and-enforcement-division/reports/psps-post-event-reports/2026/r1812005pge71526-psps-postevent-report073026.pdf,
218,low_confidence,sce__r1812005_sce_psps_post_event_for_august_10_2025_de_energization,SCE,2025,wind_threshold_cited,Does the report state that observed or forecast wind speeds or gusts met or exceeded the utility's de-energization threshold or wind criterion in an area that was de-energized?,met; not_met; not_stated,met,0.76,8;9;10;11;12;13;18;71,https://www.cpuc.ca.gov/-/media/cpuc-website/divisions/safety-and-enforcement-division/reports/psps-post-event-reports/2025/r1812005-sce-psps-post-event-for-august-10-2025-de--energization.pdf,
219,low_confidence,sce__sce_psps_postevent_reportoct_212_2019_10252019,SCE,2019,mbl_advance_notice,"Did every Medical Baseline (MBL) customer who lost power in this event have a notification delivered before their power was shut off? A delivered notification or a door-hanger visit counts even if the customer did not confirm receipt. MBL customers who were in scope but never lost power do not count. If the pages say no customers were de-energized in this event, choose not_applicable.",all_notified; some_not_notified; not_stated; not_applicable,not_stated,0.76,3;4;19;20,https://www.cpuc.ca.gov/-/media/cpuc-website/divisions/safety-and-enforcement-division/reports/psps-post-event-reports/2019/sce-psps-postevent-reportoct-212-2019-10252019.pdf,
220,low_confidence,pge__pge_oct_14_17_2020_psps_post_event_report,PG&E,2020,wind_threshold_cited,Does the report state that observed or forecast wind speeds or gusts met or exceeded the utility's de-energization threshold or wind criterion in an area that was de-energized?,met; not_met; not_stated,not_stated,0.77,4;5;14;15;66;68;70;71,https://www.cpuc.ca.gov/-/media/cpuc-website/files/uploadedfiles/cpucwebsite/content/news_room/newsupdates/2020/pge-oct-14-17-2020-psps-post-event-report.pdf,
221,low_confidence,pge__pge_oct_25_28_2020_psps_post_event_report,PG&E,2020,wind_threshold_cited,Does the report state that observed or forecast wind speeds or gusts met or exceeded the utility's de-energization threshold or wind criterion in an area that was de-energized?,met; not_met; not_stated,not_stated,0.77,4;5;15;16;60;69;72;74,https://www.cpuc.ca.gov/-/media/cpuc-website/files/uploadedfiles/cpucwebsite/content/news_room/newsupdates/2020/pge-oct-25-28-2020-psps-post-event-report.pdf,
222,low_confidence,pge__pge_public_safety_power_shutoff_nov_2021_2019_report,PG&E,2019,mbl_advance_notice,"Did every Medical Baseline (MBL) customer who lost power in this event have a notification delivered before their power was shut off? A delivered notification or a door-hanger visit counts even if the customer did not confirm receipt. MBL customers who were in scope but never lost power do not count. If the pages say no customers were de-energized in this event, choose not_applicable.",all_notified; some_not_notified; not_stated; not_applicable,some_not_notified,0.77,1;2;17;18;19;20;46;47,https://www.cpuc.ca.gov/-/media/cpuc-website/divisions/safety-and-enforcement-division/reports/psps-post-event-reports/2019/pge-psps-postevent-report-nov-20-2019-amended.pdf,
223,low_confidence,sce__2021614sce_post_event_report_final,SCE,2021,claims_reported,How many claims does the report say were filed against the utility because of this PSPS event?,one_or_more; zero; not_stated,zero,0.77,3;4;5;12;13,https://www.cpuc.ca.gov/-/media/cpuc-website/divisions/safety-and-enforcement-division/documents/2021614sce-post-event-report-final.pdf,
224,low_confidence,pge__jan_19_2021_pge_post_event_report,PG&E,2021,complaints_reported,How many complaints does the report say were received about this PSPS event?,one_or_more; zero; not_stated,zero,0.78,3;4;5;47;48;57,https://www.cpuc.ca.gov/-/media/cpuc-website/divisions/safety-and-enforcement-division/reports/psps-post-event-reports/2021/jan-19-2021-pge-post-event-report.pdf,
225,low_confidence,sce__20240808sce_psps_post_event_reportdeenergizedfinal,SCE,2024,wind_threshold_cited,Does the report state that observed or forecast wind speeds or gusts met or exceeded the utility's de-energization threshold or wind criterion in an area that was de-energized?,met; not_met; not_stated,met,0.78,5;6;7;8;9;10;12;17,https://www.cpuc.ca.gov/-/media/cpuc-website/divisions/safety-and-enforcement-division/reports/psps-post-event-reports/2024/20240808sce-psps-post-event-reportdeenergizedfinal.pdf,
226,low_confidence,sce__r1812005_sce_psps_post_event_report_for_10_22_22_high_threat_event,SCE,2022,wind_threshold_cited,Does the report state that observed or forecast wind speeds or gusts met or exceeded the utility's de-energization threshold or wind criterion in an area that was de-energized?,met; not_met; not_stated,not_stated,0.78,8;9;10;11;12;13;19;20,https://www.cpuc.ca.gov/-/media/cpuc-website/divisions/safety-and-enforcement-division/reports/psps-post-event-reports/2022/r1812005-sce-psps-post-event-report-for-10-22-22-high-threat-event.pdf,
227,low_confidence,sce__sce_jun_25_28_2020_psps_post_event_report,SCE,2020,claims_reported,How many claims does the report say were filed against the utility because of this PSPS event?,one_or_more; zero; not_stated,zero,0.78,3;4;7;8,https://www.cpuc.ca.gov/-/media/cpuc-website/files/uploadedfiles/cpucwebsite/content/news_room/newsupdates/2020/sce-jun-25-28-2020-psps-post-event-report.pdf,
228,low_confidence,sce__sce_psps_post_event_report_7_18_2023_event,SCE,2023,wind_threshold_cited,Does the report state that observed or forecast wind speeds or gusts met or exceeded the utility's de-energization threshold or wind criterion in an area that was de-energized?,met; not_met; not_stated,not_stated,0.78,8;9;10;12;17;18;29;60,https://www.cpuc.ca.gov/-/media/cpuc-website/divisions/safety-and-enforcement-division/reports/psps-post-event-reports/2023/sce-psps-post-event-report-7-18-2023-event.pdf,
229,low_confidence,sce__sce_psps_postevent_reportjuly_29aug_2_2019_8162019,SCE,2019,claims_reported,How many claims does the report say were filed against the utility because of this PSPS event?,one_or_more; zero; not_stated,zero,0.78,3;4;8;9,https://www.cpuc.ca.gov/-/media/cpuc-website/consumer-support/documents/psps/2019/sce/sce-psps-postevent-reportjuly-29aug-2-2019-8162019.pdf,
230,low_confidence,sdge__r1812005_sdge_psps_postevent_report_112426,SDG&E,2021,mbl_advance_notice,"Did every Medical Baseline (MBL) customer who lost power in this event have a notification delivered before their power was shut off? A delivered notification or a door-hanger visit counts even if the customer did not confirm receipt. MBL customers who were in scope but never lost power do not count. If the pages say no customers were de-energized in this event, choose not_applicable.",all_notified; some_not_notified; not_stated; not_applicable,all_notified,0.78,6;7;8;22;23;52;53;96,https://www.cpuc.ca.gov/-/media/cpuc-website/divisions/safety-and-enforcement-division/reports/psps-post-event-reports/2021/r1812005-sdge-psps-postevent-report-112426.pdf,
231,low_confidence,pge__final_psps_10_22_22_weather_post_event_report_20221107,PG&E,2022,wind_threshold_cited,Does the report state that observed or forecast wind speeds or gusts met or exceeded the utility's de-energization threshold or wind criterion in an area that was de-energized?,met; not_met; not_stated,not_stated,0.79,4;5;6;7;8;15;16;75,https://www.cpuc.ca.gov/-/media/cpuc-website/divisions/safety-and-enforcement-division/reports/psps-post-event-reports/2022/final-psps_10-22-22_weather_post-event_report_20221107.pdf,
232,low_confidence,sce__2020_11_29_sce_psps_post_event_report_final,SCE,2020,canceled_after_notice,Were any customers or areas notified of a possible power shutoff in this event but then not de-energized?,yes; no; not_stated,yes,0.79,3;4,https://www.cpuc.ca.gov/-/media/cpuc-website/files/uploadedfiles/cpucwebsite/content/news_room/newsupdates/2020/2020-11-29-sce-psps-post-event-report-final.pdf,
233,low_confidence,sdge__r1812005_sdge_psps_postevent_report_112426,SDG&E,2021,wind_threshold_cited,Does the report state that observed or forecast wind speeds or gusts met or exceeded the utility's de-energization threshold or wind criterion in an area that was de-energized?,met; not_met; not_stated,met,0.79,6;7;8;9;19;20;35;40,https://www.cpuc.ca.gov/-/media/cpuc-website/divisions/safety-and-enforcement-division/reports/psps-post-event-reports/2021/r1812005-sdge-psps-postevent-report-112426.pdf,
234,low_confidence,sdge__sdge_sept_28_29_2020_psps_post_event_report,SDG&E,2020,canceled_after_notice,Were any customers or areas notified of a possible power shutoff in this event but then not de-energized?,yes; no; not_stated,yes,0.79,22;23,https://www.cpuc.ca.gov/-/media/cpuc-website/files/uploadedfiles/cpuc_public_website/content/news_room/news_and_updates/sdge-sept-28-29-2020-psps-post-event-report.pdf,
235,low_confidence,pge__psps_event_12_07_20_de_energization_report,PG&E,2020,wind_threshold_cited,Does the report state that observed or forecast wind speeds or gusts met or exceeded the utility's de-energization threshold or wind criterion in an area that was de-energized?,met; not_met; not_stated,not_stated,0.8,4;5;8;9;10;31;34;38,https://www.cpuc.ca.gov/-/media/cpuc-website/files/uploadedfiles/cpucwebsite/content/news_room/newsupdates/2020/psps-event-12-07-20-de-energization-report.pdf,
236,low_confidence,sce__20250120sce_psps_post_event_reportdeenergizedfinal,SCE,2025,mbl_advance_notice,"Did every Medical Baseline (MBL) customer who lost power in this event have a notification delivered before their power was shut off? A delivered notification or a door-hanger visit counts even if the customer did not confirm receipt. MBL customers who were in scope but never lost power do not count. If the pages say no customers were de-energized in this event, choose not_applicable.",all_notified; some_not_notified; not_stated; not_applicable,some_not_notified,0.8,6;7;8;19;24;25;34;43,https://www.cpuc.ca.gov/-/media/cpuc-website/divisions/safety-and-enforcement-division/reports/psps-post-event-reports/2025/20250120sce-psps-post-event-reportdeenergizedfinal.pdf,
237,low_confidence,sce__sce_may_27_30_2020_psps_post_event_report,SCE,2020,claims_reported,How many claims does the report say were filed against the utility because of this PSPS event?,one_or_more; zero; not_stated,zero,0.8,3;4;7;8,https://www.cpuc.ca.gov/-/media/cpuc-website/files/uploadedfiles/cpucwebsite/content/news_room/newsupdates/2020/sce-may-27-30-2020-psps-post-event-report.pdf,
238,low_confidence,sdge__r1812005_sdge_psps_postevent_report_oct_2931_2023_11_14_2023,SDG&E,2023,wind_threshold_cited,Does the report state that observed or forecast wind speeds or gusts met or exceeded the utility's de-energization threshold or wind criterion in an area that was de-energized?,met; not_met; not_stated,not_stated,0.8,6;7;8;9;10;11;32;33,https://www.cpuc.ca.gov/-/media/cpuc-website/divisions/safety-and-enforcement-division/reports/psps-post-event-reports/2023/r1812005-sdge-psps-postevent-report-oct-2931-2023-11-14-2023.pdf,
239,low_confidence,sdge__sdge_psps_post_event_report_december_23_24_final,SDG&E,2020,wind_threshold_cited,Does the report state that observed or forecast wind speeds or gusts met or exceeded the utility's de-energization threshold or wind criterion in an area that was de-energized?,met; not_met; not_stated,met,0.8,3;4;6;7;8;13;20,https://www.cpuc.ca.gov/-/media/cpuc-website/divisions/safety-and-enforcement-division/reports/psps-post-event-reports/2020/sdge-psps-post-event-report_december-23-24-final.pdf,
240,low_confidence,sdge__sdge_psps_postevent_reportnov_26dec_9_12232020,SDG&E,2020,mbl_advance_notice,"Did every Medical Baseline (MBL) customer who lost power in this event have a notification delivered before their power was shut off? A delivered notification or a door-hanger visit counts even if the customer did not confirm receipt. MBL customers who were in scope but never lost power do not count. If the pages say no customers were de-energized in this event, choose not_applicable.",all_notified; some_not_notified; not_stated; not_applicable,not_stated,0.8,9;41;42;86;88;91;99;100,https://www.cpuc.ca.gov/-/media/cpuc-website/divisions/safety-and-enforcement-division/reports/psps-post-event-reports/2020/sdge-psps-postevent-reportnov-26dec-9-12232020.pdf,
241,low_confidence,sdge__sdge_psps_postevent_reportnov_26dec_9_12232020,SDG&E,2020,wind_threshold_cited,Does the report state that observed or forecast wind speeds or gusts met or exceeded the utility's de-energization threshold or wind criterion in an area that was de-energized?,met; not_met; not_stated,met,0.8,4;5;6;7;10;11;39;370,https://www.cpuc.ca.gov/-/media/cpuc-website/divisions/safety-and-enforcement-division/reports/psps-post-event-reports/2020/sdge-psps-postevent-reportnov-26dec-9-12232020.pdf,
242,low_confidence,pge__pge_public_safety_power_shutoff_oct_56_2019_report,PG&E,2019,wind_threshold_cited,Does the report state that observed or forecast wind speeds or gusts met or exceeded the utility's de-energization threshold or wind criterion in an area that was de-energized?,met; not_met; not_stated,not_stated,0.81,5;6;8;20;23;24;25;26,https://www.cpuc.ca.gov/-/media/cpuc-website/divisions/safety-and-enforcement-division/reports/psps-post-event-reports/2019/pge-psps-postevent-report-oct-56-2019-amended.pdf,
243,low_confidence,pge__r1812005psps_event_93010152024,PG&E,2024,wind_threshold_cited,Does the report state that observed or forecast wind speeds or gusts met or exceeded the utility's de-energization threshold or wind criterion in an area that was de-energized?,met; not_met; not_stated,not_stated,0.81,4;5;7;9;10;11;13;75,https://www.cpuc.ca.gov/-/media/cpuc-website/divisions/safety-and-enforcement-division/reports/psps-post-event-reports/2024/pge_psps_post-event-report_20240930-amended-redlined.pdf,
244,low_confidence,sce__r1812005_sce_psps_post_event_for_december_5_2024_high_threat,SCE,2024,wind_threshold_cited,Does the report state that observed or forecast wind speeds or gusts met or exceeded the utility's de-energization threshold or wind criterion in an area that was de-energized?,met; not_met; not_stated,not_stated,0.81,8;9;10;11;12;13;63;64,https://www.cpuc.ca.gov/-/media/cpuc-website/divisions/safety-and-enforcement-division/reports/psps-post-event-reports/2024/r1812005-sce-psps-post-event-for-december-5-2024-high-threat.pdf,
245,low_confidence,sdge__sdge_de_energization_report_dec_4_2017,SDG&E,2017,mbl_advance_notice,"Did every Medical Baseline (MBL) customer who lost power in this event have a notification delivered before their power was shut off? A delivered notification or a door-hanger visit counts even if the customer did not confirm receipt. MBL customers who were in scope but never lost power do not count. If the pages say no customers were de-energized in this event, choose not_applicable.",all_notified; some_not_notified; not_stated; not_applicable,not_stated,0.82,7,https://www.cpuc.ca.gov/-/media/cpuc-website/divisions/safety-and-enforcement-division/reports/psps-post-event-reports/2019-and-earlier/sdge-de-energization-report-dec-4-2017.pdf,
246,low_confidence,sdge__sdge_de_energization_report_oct_20_21_2017,SDG&E,2017,mbl_advance_notice,"Did every Medical Baseline (MBL) customer who lost power in this event have a notification delivered before their power was shut off? A delivered notification or a door-hanger visit counts even if the customer did not confirm receipt. MBL customers who were in scope but never lost power do not count. If the pages say no customers were de-energized in this event, choose not_applicable.",all_notified; some_not_notified; not_stated; not_applicable,not_applicable,0.82,3,https://www.cpuc.ca.gov/-/media/cpuc-website/divisions/safety-and-enforcement-division/reports/psps-post-event-reports/2019-and-earlier/sdge-de-energization-report-oct-20-21-2017.pdf,
247,low_confidence,sdge__sdge_psps_postevent_reportnov_26dec_9_12232020,SDG&E,2020,canceled_after_notice,Were any customers or areas notified of a possible power shutoff in this event but then not de-energized?,yes; no; not_stated,yes,0.82,4;5;6;69;70;72;127;130,https://www.cpuc.ca.gov/-/media/cpuc-website/divisions/safety-and-enforcement-division/reports/psps-post-event-reports/2020/sdge-psps-postevent-reportnov-26dec-9-12232020.pdf,
248,low_confidence,pge__pge_post_event_report_9_20_2023,PG&E,2023,wind_threshold_cited,Does the report state that observed or forecast wind speeds or gusts met or exceeded the utility's de-energization threshold or wind criterion in an area that was de-energized?,met; not_met; not_stated,not_stated,0.83,4;5;6;7;8;9;10;81,https://www.cpuc.ca.gov/-/media/cpuc-website/divisions/safety-and-enforcement-division/reports/psps-post-event-reports/2023/pge-post-event-report-9-20-2023.pdf,
249,low_confidence,pge__psps_event_12_02_20_de_energization_report_final,PG&E,2020,canceled_after_notice,Were any customers or areas notified of a possible power shutoff in this event but then not de-energized?,yes; no; not_stated,no,0.83,4;5;11;31;32;68;74;75,https://www.cpuc.ca.gov/-/media/cpuc-website/files/uploadedfiles/cpucwebsite/content/news_room/newsupdates/2020/psps-event-12-02-20-de-energization-report-final.pdf,
250,low_confidence,sce__r1812005sce_psps_postevent_for_november_13_2024_deenergization,SCE,2024,wind_threshold_cited,Does the report state that observed or forecast wind speeds or gusts met or exceeded the utility's de-energization threshold or wind criterion in an area that was de-energized?,met; not_met; not_stated,met,0.83,8;9;10;11;13;18;38;39,https://www.cpuc.ca.gov/-/media/cpuc-website/divisions/safety-and-enforcement-division/reports/psps-post-event-reports/2024/r1812005sce-psps-postevent-for-november-13-2024-deenergization.pdf,
251,low_confidence,sce__sce_psps_postevent_report_july_921_2019_822019,SCE,2019,claims_reported,How many claims does the report say were filed against the utility because of this PSPS event?,one_or_more; zero; not_stated,zero,0.83,3;4;16;17,https://www.cpuc.ca.gov/-/media/cpuc-website/divisions/safety-and-enforcement-division/reports/psps-post-event-reports/2019/sce-psps-postevent-report-july-921-2019-822019.pdf,
252,low_confidence,sce__sce_psps_postevent_reportjuly_29aug_2_2019_8162019,SCE,2019,wind_threshold_cited,Does the report state that observed or forecast wind speeds or gusts met or exceeded the utility's de-energization threshold or wind criterion in an area that was de-energized?,met; not_met; not_stated,not_stated,0.83,2;3;4;5;6;7;8;10,https://www.cpuc.ca.gov/-/media/cpuc-website/consumer-support/documents/psps/2019/sce/sce-psps-postevent-reportjuly-29aug-2-2019-8162019.pdf,
253,low_confidence,sdge__r1812005_sdge_psps_postevent_report_nov_68_2024,SDG&E,2024,mbl_advance_notice,"Did every Medical Baseline (MBL) customer who lost power in this event have a notification delivered before their power was shut off? A delivered notification or a door-hanger visit counts even if the customer did not confirm receipt. MBL customers who were in scope but never lost power do not count. If the pages say no customers were de-energized in this event, choose not_applicable.",all_notified; some_not_notified; not_stated; not_applicable,all_notified,0.83,6;7;8;22;25;26;87;88,https://www.cpuc.ca.gov/-/media/cpuc-website/divisions/safety-and-enforcement-division/reports/psps-post-event-reports/2024/r1812005-sdge-psps-postevent-report-nov-68-2024.pdf,
254,low_confidence,sce__r1812005_sce_psps_post_event_for_september_2_2025_de_energization,SCE,2025,mbl_advance_notice,"Did every Medical Baseline (MBL) customer who lost power in this event have a notification delivered before their power was shut off? A delivered notification or a door-hanger visit counts even if the customer did not confirm receipt. MBL customers who were in scope but never lost power do not count. If the pages say no customers were de-energized in this event, choose not_applicable.",all_notified; some_not_notified; not_stated; not_applicable,some_not_notified,0.84,8;9;10;20;24;25;39;40,https://www.cpuc.ca.gov/-/media/cpuc-website/divisions/safety-and-enforcement-division/reports/psps-post-event-reports/2025/r1812005-sce-psps-post-event-for-september-2-2025-de-energization.pdf,
255,low_confidence,sce__sce_post_event_reporting_october_21_through_october_26_2019,SCE,2019,mbl_advance_notice,"Did every Medical Baseline (MBL) customer who lost power in this event have a notification delivered before their power was shut off? A delivered notification or a door-hanger visit counts even if the customer did not confirm receipt. MBL customers who were in scope but never lost power do not count. If the pages say no customers were de-energized in this event, choose not_applicable.",all_notified; some_not_notified; not_stated; not_applicable,not_stated,0.84,3;4;17;18,https://www.cpuc.ca.gov/-/media/cpuc-website/divisions/safety-and-enforcement-division/reports/psps-post-event-reports/2019/sce-psp-post-event-report-oct-2126-2019-11262019.pdf,
256,low_confidence,sce__sce_psps_post_event_reportjune_17_22_2019_752019,SCE,2019,claims_reported,How many claims does the report say were filed against the utility because of this PSPS event?,one_or_more; zero; not_stated,zero,0.84,3;4;9;10,https://www.cpuc.ca.gov/-/media/cpuc-website/divisions/safety-and-enforcement-division/reports/psps-post-event-reports/2019/sce-psps-post-event-reportjune-17-22-2019-752019.pdf,
257,low_confidence,pge__pge_psps_report_event_nov_6_8_2018,PG&E,2018,wind_threshold_cited,Does the report state that observed or forecast wind speeds or gusts met or exceeded the utility's de-energization threshold or wind criterion in an area that was de-energized?,met; not_met; not_stated,not_stated,0.85,2;3,https://www.cpuc.ca.gov/-/media/cpuc-website/divisions/safety-and-enforcement-division/reports/psps-post-event-reports/2019-and-earlier/pge-psps-report-event--nov-6-8-2018.pdf,
258,low_confidence,pge__psps_event_12_07_20_de_energization_report,PG&E,2020,claims_reported,How many claims does the report say were filed against the utility because of this PSPS event?,one_or_more; zero; not_stated,zero,0.85,3;4;5;27;28,https://www.cpuc.ca.gov/-/media/cpuc-website/files/uploadedfiles/cpucwebsite/content/news_room/newsupdates/2020/psps-event-12-07-20-de-energization-report.pdf,
259,low_confidence,sce__r1812005sce_psps_postevent_for_november_4_2024_deenergization,SCE,2024,wind_threshold_cited,Does the report state that observed or forecast wind speeds or gusts met or exceeded the utility's de-energization threshold or wind criterion in an area that was de-energized?,met; not_met; not_stated,met,0.85,8;9;10;11;14;19;20;69,https://www.cpuc.ca.gov/-/media/cpuc-website/divisions/safety-and-enforcement-division/reports/psps-post-event-reports/2024/r1812005sce-psps-postevent-for-november-4-2024-deenergization.pdf,
260,low_confidence,sdge__r1812005_sdge_psps_postevent_report_jan_2024_2025_e_serve_2_24_2025,SDG&E,2025,mbl_advance_notice,"Did every Medical Baseline (MBL) customer who lost power in this event have a notification delivered before their power was shut off? A delivered notification or a door-hanger visit counts even if the customer did not confirm receipt. MBL customers who were in scope but never lost power do not count. If the pages say no customers were de-energized in this event, choose not_applicable.",all_notified; some_not_notified; not_stated; not_applicable,all_notified,0.85,6;7;8;34;44;45;123;124,https://www.cpuc.ca.gov/-/media/cpuc-website/divisions/safety-and-enforcement-division/reports/psps-post-event-reports/2025/r1812005-sdge-psps-postevent-report-jan-2024-2025-e-serve-2-24-2025.pdf,
261,low_confidence,pge__pge_esrb8_report_for_oct_26_29_2019,PG&E,2019,wind_threshold_cited,Does the report state that observed or forecast wind speeds or gusts met or exceeded the utility's de-energization threshold or wind criterion in an area that was de-energized?,met; not_met; not_stated,not_stated,0.86,5;6;10;11;37;38;40;43,https://www.cpuc.ca.gov/-/media/cpuc-website/divisions/safety-and-enforcement-division/reports/psps-post-event-reports/2019/pge-psps-postevent-report-oct-2629-2019-amended.pdf,
262,low_confidence,pge__pge_public_safety_power_shutoff_oct_2325_2019_report,PG&E,2019,mbl_advance_notice,"Did every Medical Baseline (MBL) customer who lost power in this event have a notification delivered before their power was shut off? A delivered notification or a door-hanger visit counts even if the customer did not confirm receipt. MBL customers who were in scope but never lost power do not count. If the pages say no customers were de-energized in this event, choose not_applicable.",all_notified; some_not_notified; not_stated; not_applicable,some_not_notified,0.86,1;2;6;7;14;16;17;18,https://www.cpuc.ca.gov/-/media/cpuc-website/divisions/safety-and-enforcement-division/reports/psps-post-event-reports/2019/pge-psps-postevent-report-oct-2325-2019-amended.pdf,
263,low_confidence,sce__20240808sce_psps_post_event_reportdeenergizedfinal,SCE,2024,mbl_advance_notice,"Did every Medical Baseline (MBL) customer who lost power in this event have a notification delivered before their power was shut off? A delivered notification or a door-hanger visit counts even if the customer did not confirm receipt. MBL customers who were in scope but never lost power do not count. If the pages say no customers were de-energized in this event, choose not_applicable.",all_notified; some_not_notified; not_stated; not_applicable,all_notified,0.86,5;6;7;19;23;24;30;39,https://www.cpuc.ca.gov/-/media/cpuc-website/divisions/safety-and-enforcement-division/reports/psps-post-event-reports/2024/20240808sce-psps-post-event-reportdeenergizedfinal.pdf,
264,low_confidence,sce__nov_14_18_2020_sce_psps_post_event_report,SCE,2020,mbl_advance_notice,"Did every Medical Baseline (MBL) customer who lost power in this event have a notification delivered before their power was shut off? A delivered notification or a door-hanger visit counts even if the customer did not confirm receipt. MBL customers who were in scope but never lost power do not count. If the pages say no customers were de-energized in this event, choose not_applicable.",all_notified; some_not_notified; not_stated; not_applicable,not_stated,0.86,3;4;13;14;24;27;30;33,https://www.cpuc.ca.gov/-/media/cpuc-website/files/uploadedfiles/cpucwebsite/content/news_room/newsupdates/2020/nov-14-18-2020-sce-psps-post-event-report.pdf,
265,low_confidence,sce__r1812005_sce_psps_post_event_report_for_11_24_22_de_energization_event,SCE,2022,wind_threshold_cited,Does the report state that observed or forecast wind speeds or gusts met or exceeded the utility's de-energization threshold or wind criterion in an area that was de-energized?,met; not_met; not_stated,met,0.86,8;9;10;11;12;13;18;19,https://www.cpuc.ca.gov/-/media/cpuc-website/divisions/safety-and-enforcement-division/reports/psps-post-event-reports/2022/r1812005-sce-psps-post-event-report-for-11-24-22-de-energization-event.pdf,
266,low_confidence,sdge__sdge_sept_28_29_2020_psps_post_event_report,SDG&E,2020,wind_threshold_cited,Does the report state that observed or forecast wind speeds or gusts met or exceeded the utility's de-energization threshold or wind criterion in an area that was de-energized?,met; not_met; not_stated,not_stated,0.86,2;4;18,https://www.cpuc.ca.gov/-/media/cpuc-website/files/uploadedfiles/cpuc_public_website/content/news_room/news_and_updates/sdge-sept-28-29-2020-psps-post-event-report.pdf,
267,low_confidence,sce__r1812005_sce_psps_post_event_for_october_27_2024_de_energization,SCE,2024,wind_threshold_cited,Does the report state that observed or forecast wind speeds or gusts met or exceeded the utility's de-energization threshold or wind criterion in an area that was de-energized?,met; not_met; not_stated,met,0.87,9;10;11;12;14;19;20;39,https://www.cpuc.ca.gov/-/media/cpuc-website/divisions/safety-and-enforcement-division/reports/psps-post-event-reports/2024/r1812005-sce-psps-post-event-for-october-27-2024-de-energization.pdf,
268,low_confidence,sce__r1812005_sce_psps_post_event_for_september_2_2025_de_energization,SCE,2025,wind_threshold_cited,Does the report state that observed or forecast wind speeds or gusts met or exceeded the utility's de-energization threshold or wind criterion in an area that was de-energized?,met; not_met; not_stated,met,0.87,8;9;10;11;12;14;18;37,https://www.cpuc.ca.gov/-/media/cpuc-website/divisions/safety-and-enforcement-division/reports/psps-post-event-reports/2025/r1812005-sce-psps-post-event-for-september-2-2025-de-energization.pdf,
269,low_confidence,sce__r1812005sce_psps_postevent_for_november_13_2024_deenergization,SCE,2024,mbl_advance_notice,"Did every Medical Baseline (MBL) customer who lost power in this event have a notification delivered before their power was shut off? A delivered notification or a door-hanger visit counts even if the customer did not confirm receipt. MBL customers who were in scope but never lost power do not count. If the pages say no customers were de-energized in this event, choose not_applicable.",all_notified; some_not_notified; not_stated; not_applicable,all_notified,0.87,8;9;10;21;26;27;40;53,https://www.cpuc.ca.gov/-/media/cpuc-website/divisions/safety-and-enforcement-division/reports/psps-post-event-reports/2024/r1812005sce-psps-postevent-for-november-13-2024-deenergization.pdf,
270,low_confidence,sce__sce_jun_25_28_2020_psps_post_event_report,SCE,2020,wind_threshold_cited,Does the report state that observed or forecast wind speeds or gusts met or exceeded the utility's de-energization threshold or wind criterion in an area that was de-energized?,met; not_met; not_stated,not_stated,0.87,3;4;5;9,https://www.cpuc.ca.gov/-/media/cpuc-website/files/uploadedfiles/cpucwebsite/content/news_room/newsupdates/2020/sce-jun-25-28-2020-psps-post-event-report.pdf,
271,low_confidence,sdge__jan_1416_2021_sdge_psps_post_event_report,SDG&E,2021,wind_threshold_cited,Does the report state that observed or forecast wind speeds or gusts met or exceeded the utility's de-energization threshold or wind criterion in an area that was de-energized?,met; not_met; not_stated,not_stated,0.87,3;4;5,https://www.cpuc.ca.gov/-/media/cpuc-website/divisions/safety-and-enforcement-division/reports/psps-post-event-reports/2021/jan-1416-2021-sdge-psps-post-event-report.pdf,
272,low_confidence,sdge__sdge_de_energization_report_oct_15_16_2018,SDG&E,2018,mbl_advance_notice,"Did every Medical Baseline (MBL) customer who lost power in this event have a notification delivered before their power was shut off? A delivered notification or a door-hanger visit counts even if the customer did not confirm receipt. MBL customers who were in scope but never lost power do not count. If the pages say no customers were de-energized in this event, choose not_applicable.",all_notified; some_not_notified; not_stated; not_applicable,not_stated,0.87,3,https://www.cpuc.ca.gov/-/media/cpuc-website/divisions/safety-and-enforcement-division/reports/psps-post-event-reports/2019-and-earlier/sdge-de-energization-report-oct-15-16-2018.pdf,
273,low_confidence,sce__20241217sce_psps_post_event_reportdeenergized_final,SCE,2024,wind_threshold_cited,Does the report state that observed or forecast wind speeds or gusts met or exceeded the utility's de-energization threshold or wind criterion in an area that was de-energized?,met; not_met; not_stated,met,0.88,5;6;7;8;10;15;16;37,https://www.cpuc.ca.gov/-/media/cpuc-website/divisions/safety-and-enforcement-division/reports/psps-post-event-reports/2024/20241217sce-psps-post-event-reportdeenergized-final.pdf,
274,low_confidence,sce__r1812005sce_psps_postevent_for_july_22_2026_deenergization,SCE,2026,canceled_after_notice,Were any customers or areas notified of a possible power shutoff in this event but then not de-energized?,yes; no; not_stated,no,0.88,7;8;9;19;20;28;30;39,https://www.cpuc.ca.gov/-/media/cpuc-website/divisions/safety-and-enforcement-division/reports/psps-post-event-reports/2026/r1812005sce-psps-postevent-for-july-22-2026-deenergization.pdf,
275,low_confidence,sce__sce_oct_23_28_2020_psps_post_event_report,SCE,2020,complaints_reported,How many complaints does the report say were received about this PSPS event?,one_or_more; zero; not_stated,zero,0.88,3;4;12;13,https://www.cpuc.ca.gov/-/media/cpuc-website/files/uploadedfiles/cpucwebsite/content/news_room/newsupdates/2020/sce-oct-23-28-2020-psps-post-event-report.pdf,
276,low_confidence,sce__sce_psps_post_event_report_june_28july8_2019_7222019,SCE,2019,wind_threshold_cited,Does the report state that observed or forecast wind speeds or gusts met or exceeded the utility's de-energization threshold or wind criterion in an area that was de-energized?,met; not_met; not_stated,not_stated,0.88,3;4;5;8;9;29;30,https://www.cpuc.ca.gov/-/media/cpuc-website/divisions/safety-and-enforcement-division/reports/psps-post-event-reports/2019/sce-psps-post-event-report-june-28july8-2019-7222019.pdf,
277,low_confidence,sce__wildfire_072222_scepspsposteventreport,SCE,2022,mbl_advance_notice,"Did every Medical Baseline (MBL) customer who lost power in this event have a notification delivered before their power was shut off? A delivered notification or a door-hanger visit counts even if the customer did not confirm receipt. MBL customers who were in scope but never lost power do not count. If the pages say no customers were de-energized in this event, choose not_applicable.",all_notified; some_not_notified; not_stated; not_applicable,all_notified,0.88,5;6;7;16;17;22;23;29,https://www.cpuc.ca.gov/-/media/cpuc-website/divisions/safety-and-enforcement-division/reports/psps-post-event-reports/2022/wildfire_072222_scepspsposteventreport.pdf,
278,low_confidence,sdge__sdgedeenergizationreportoct23252017,SDG&E,2017,wind_threshold_cited,Does the report state that observed or forecast wind speeds or gusts met or exceeded the utility's de-energization threshold or wind criterion in an area that was de-energized?,met; not_met; not_stated,met,0.88,2;4;7;9;11,https://www.cpuc.ca.gov/-/media/cpuc-website/divisions/safety-and-enforcement-division/reports/psps-post-event-reports/2019-and-earlier/sdgedeenergizationreportoct23252017.pdf,
279,low_confidence,pge__pge_public_safety_power_shutoff_oct_912_report,PG&E,2019,wind_threshold_cited,Does the report state that observed or forecast wind speeds or gusts met or exceeded the utility's de-energization threshold or wind criterion in an area that was de-energized?,met; not_met; not_stated,not_stated,0.89,2;3;7;8;9;35;36;37,https://www.cpuc.ca.gov/-/media/cpuc-website/divisions/safety-and-enforcement-division/reports/psps-post-event-reports/2019-and-earlier/pge-public-safety-power-shutoff-oct-912-reportamended.pdf,
280,low_confidence,sce__r1812005sce_psps_postevent_for_july_22_2026_deenergization,SCE,2026,mbl_advance_notice,"Did every Medical Baseline (MBL) customer who lost power in this event have a notification delivered before their power was shut off? A delivered notification or a door-hanger visit counts even if the customer did not confirm receipt. MBL customers who were in scope but never lost power do not count. If the pages say no customers were de-energized in this event, choose not_applicable.",all_notified; some_not_notified; not_stated; not_applicable,some_not_notified,0.89,7;8;9;21;25;26;39;40,https://www.cpuc.ca.gov/-/media/cpuc-website/divisions/safety-and-enforcement-division/reports/psps-post-event-reports/2026/r1812005sce-psps-postevent-for-july-22-2026-deenergization.pdf,
281,low_confidence,sce__sce_esrb_8_report_dec_29_2018_jan1_2019,SCE,2019,complaints_reported,How many complaints does the report say were received about this PSPS event?,one_or_more; zero; not_stated,one_or_more,0.89,7;8,https://www.cpuc.ca.gov/-/media/cpuc-website/divisions/safety-and-enforcement-division/reports/psps-post-event-reports/2019-and-earlier/sce-esrb-8-report-dec-29-2018-jan1-2019.pdf,
282,low_confidence,sce__sce_may_27_30_2020_psps_post_event_report,SCE,2020,wind_threshold_cited,Does the report state that observed or forecast wind speeds or gusts met or exceeded the utility's de-energization threshold or wind criterion in an area that was de-energized?,met; not_met; not_stated,not_stated,0.89,3;4;5,https://www.cpuc.ca.gov/-/media/cpuc-website/files/uploadedfiles/cpucwebsite/content/news_room/newsupdates/2020/sce-may-27-30-2020-psps-post-event-report.pdf,
283,low_confidence,sce__sce_nov_2326_2019_psps_postevent_report,SCE,2019,mbl_advance_notice,"Did every Medical Baseline (MBL) customer who lost power in this event have a notification delivered before their power was shut off? A delivered notification or a door-hanger visit counts even if the customer did not confirm receipt. MBL customers who were in scope but never lost power do not count. If the pages say no customers were de-energized in this event, choose not_applicable.",all_notified; some_not_notified; not_stated; not_applicable,not_stated,0.89,3;4;7;14;15,https://www.cpuc.ca.gov/-/media/cpuc-website/divisions/safety-and-enforcement-division/reports/psps-post-event-reports/2019/sce-nov-2326-2019-psps-postevent-report.pdf,
284,low_confidence,sce__sce_psps_postevent_report_july_921_2019_822019,SCE,2019,wind_threshold_cited,Does the report state that observed or forecast wind speeds or gusts met or exceeded the utility's de-energization threshold or wind criterion in an area that was de-energized?,met; not_met; not_stated,not_stated,0.89,1;2;3;4;5;18,https://www.cpuc.ca.gov/-/media/cpuc-website/divisions/safety-and-enforcement-division/reports/psps-post-event-reports/2019/sce-psps-postevent-report-july-921-2019-822019.pdf,
285,low_confidence,sce__sce_psps_postevent_reportjuly_2228_2019_892019,SCE,2019,claims_reported,How many claims does the report say were filed against the utility because of this PSPS event?,one_or_more; zero; not_stated,zero,0.89,3;4;9;10,https://www.cpuc.ca.gov/-/media/cpuc-website/consumer-support/documents/psps/2019/sce/sce-psps-postevent-reportjuly-2228-2019-892019.pdf,
286,low_confidence,sdge__sdge_post_event_psps_report_october_20november_1_0,SDG&E,2019,mbl_advance_notice,"Did every Medical Baseline (MBL) customer who lost power in this event have a notification delivered before their power was shut off? A delivered notification or a door-hanger visit counts even if the customer did not confirm receipt. MBL customers who were in scope but never lost power do not count. If the pages say no customers were de-energized in this event, choose not_applicable.",all_notified; some_not_notified; not_stated; not_applicable,not_stated,0.89,33;34;294;312;336;346;367;379,https://www.cpuc.ca.gov/-/media/cpuc-website/divisions/safety-and-enforcement-division/reports/psps-post-event-reports/2019/sdge-post-event-psps-report_october-20november-1_0.pdf,
